photo_id,photo_url,photo_image_url,exif_camera_make,exif_camera_model,exif_iso,exif_focal_length,exif_aperture_value,exif_exposure_time,photo_width,photo_height,photo_aspect_ratio,orientation
79hJX_Wl6ac,https://unsplash.com/photos/79hJX_Wl6ac,https://images.unsplash.com/photo-1513383859905-1ef0739c84ed,Canon,Canon EOS 5D Mark II,100,50,1.8,1/200,3744,5616,0.67,0
9cH-uVU__0c,https://unsplash.com/photos/9cH-uVU__0c,https://images.unsplash.com/photo-1507331789086-893e9003c0e2,Canon,Canon EOS 6D,200,80,5.6,1/80,3648,5472,0.67,0
A9Vbvh_dMG0,https://unsplash.com/photos/A9Vbvh_dMG0,https://images.unsplash.com/photo-1455625464345-91f3283486e4,SONY,ILCE-7R,100,55,9,1/160,3000,2001,1.5,1
BMO1D0CmiJo,https://unsplash.com/photos/BMO1D0CmiJo,https://images.unsplash.com/photo-1504311640015-772816fba558,,,,,,,4240,2832,1.5,1
DoMfuJkUuU0,https://unsplash.com/photos/DoMfuJkUuU0,https://images.unsplash.com/photo-1521060723992-b8c732759e85,Canon,Canon EOS 6D,100,50,5.6,1/500,3648,5472,0.67,0
DICEPtYOr1M,https://unsplash.com/photos/DICEPtYOr1M,https://images.unsplash.com/photo-1485102068545-7286b0d199d8,LEICA CAMERA AG,LEICA X1,100,,3.2,1/100,4272,2856,1.5,1
LN8t4ZAGZFQ,https://unsplash.com/photos/LN8t4ZAGZFQ,https://images.unsplash.com/photo-1497293194408-f99df0ef85bf,NIKON CORPORATION,NIKON D500,200,200,2.8,1/8000,5568,3712,1.5,1
x5WHdQ3NTCg,https://unsplash.com/photos/x5WHdQ3NTCg,https://images.unsplash.com/photo-1481093903765-de0b1d88f1a5,Canon,Canon EOS 5D Mark III,320,85,4,1/160,5760,3840,1.5,1
wZybkWjETWo,https://unsplash.com/photos/wZybkWjETWo,https://images.unsplash.com/photo-1496787861170-7c8901ee5b41,Canon,Canon EOS 6D,100,70,2.8,1/500,5000,3333,1.5,1
Lza_12_verw,https://unsplash.com/photos/Lza_12_verw,https://images.unsplash.com/photo-1511395689060-672ef8df1c3b,PENTAX,PENTAX K-x,100,35,5.6,1/500,2687,3519,0.76,0
hUp58GsPKAw,https://unsplash.com/photos/hUp58GsPKAw,https://images.unsplash.com/photo-1515545109095-cf8abbc557f3,FUJIFILM,X-T1,200,35,2.8,1/1000,1678,2445,0.69,0
QWiQ-0AAHBE,https://unsplash.com/photos/QWiQ-0AAHBE,https://images.unsplash.com/photo-1550005269-c50806593dd9,Canon,Canon EOS 6D,160,50,1.6,1/2000,5472,3648,1.5,1
gLBCxsQEA60,https://unsplash.com/photos/gLBCxsQEA60,https://images.unsplash.com/photo-1523316970297-654e42445f32,FUJIFILM,X-Pro2,200,16,3.2,1/250,6000,4000,1.5,1
hYV224kZ23Q,https://unsplash.com/photos/hYV224kZ23Q,https://images.unsplash.com/photo-1540136609546-51a0e6ff5276,FUJIFILM,X-T3,80,56,2.8,1/8000,6240,4160,1.5,1
uqYy29Sfb8Q,https://unsplash.com/photos/uqYy29Sfb8Q,https://images.unsplash.com/photo-1515581247767-d78687bf2254,Canon,Canon EOS 650D,100,30,14,1/100,5184,2916,1.78,1
lHeXOpxzok8,https://unsplash.com/photos/lHeXOpxzok8,https://images.unsplash.com/photo-1544449342-9ae67601ab08,Canon,Canon EOS 60D,160,17,3.2,1/80,3338,5007,0.67,0
2HI-i7o1qQc,https://unsplash.com/photos/2HI-i7o1qQc,https://images.unsplash.com/photo-1543614484-bba8717ea61d,SONY,ILCE-6300,160,19,4,1/1000,4000,6000,0.67,0
AD_h-vmwvyE,https://unsplash.com/photos/AD_h-vmwvyE,https://images.unsplash.com/photo-1552624190-54dbd7f73993,SONY,ILCE-7S,200,50,4,1/1000,2753,4122,0.67,0
aDvDvH428RQ,https://unsplash.com/photos/aDvDvH428RQ,https://images.unsplash.com/photo-1565718164453-cc732b84df9b,SONY,ILCE-7SM2,4000,50,4,1/60,2832,4240,0.67,0
wg2xU_UNiVc,https://unsplash.com/photos/wg2xU_UNiVc,https://images.unsplash.com/photo-1567769541495-338ee7203e3c,Canon,Canon EOS 6D,320,50,3.2,1/125,3152,4728,0.67,0
A9kYGeJkMZE,https://unsplash.com/photos/A9kYGeJkMZE,https://images.unsplash.com/photo-1489094889106-39069373d6ef,NIKON CORPORATION,NIKON D4S,400,35,2.2,1/8000,4928,3280,1.5,1
FIOMaW2TaP8,https://unsplash.com/photos/FIOMaW2TaP8,https://images.unsplash.com/photo-1568402102880-4184038bbcbf,NIKON CORPORATION,NIKON D5200,100,30,5.6,1/500,2765,4147,0.67,0
-oBq1dy8Nt4,https://unsplash.com/photos/-oBq1dy8Nt4,https://images.unsplash.com/photo-1576468475366-750da388e843,Canon,Canon EOS 5D Mark IV,400,50,1.4,1/640,4371,6557,0.67,0
VS8suHoZ8KE,https://unsplash.com/photos/VS8suHoZ8KE,https://images.unsplash.com/photo-1514032536277-6f49fa8927a0,Canon,Canon EOS 70D,200,50,6.3,1/640,5472,3648,1.5,1
soIigqWsH_g,https://unsplash.com/photos/soIigqWsH_g,https://images.unsplash.com/photo-1532053535693-4d96cfd5f529,Canon,Canon EOS 6D,800,50,2.2,1/250,2736,4104,0.67,0
84xB-YwhnIk,https://unsplash.com/photos/84xB-YwhnIk,https://images.unsplash.com/photo-1514544694594-15b8c8b34751,Canon,Canon EOS 70D,100,50,7.1,1/125,3648,5472,0.67,0
_UZJN5WmrSI,https://unsplash.com/photos/_UZJN5WmrSI,https://images.unsplash.com/photo-1529264563814-0aa1e17d2a4a,Canon,Canon EOS 5D Mark II,100,50,3.5,1/125,3744,5616,0.67,0
dCfagb2y28M,https://unsplash.com/photos/dCfagb2y28M,https://images.unsplash.com/photo-1597533897555-b9cb1201e438,Canon,Canon EOS 60D,100,24,6.3,1/100,3333,5000,0.67,0
le7D9QFiPr8,https://unsplash.com/photos/le7D9QFiPr8,https://images.unsplash.com/photo-1520512202623-51c5c53957df,Canon,Canon EOS 5D Mark III,100,50,1.4,1/250,3840,5760,0.67,0
cGUbzDqLCyg,https://unsplash.com/photos/cGUbzDqLCyg,https://images.unsplash.com/photo-1495522180518-51f6e29afea5,NIKON CORPORATION,NIKON D4S,100,50,1.8,1/125,4928,3280,1.5,1
aj_0AGzw6Qo,https://unsplash.com/photos/aj_0AGzw6Qo,https://images.unsplash.com/photo-1530234332485-f2c7355bd1ef,SONY,ILCE-6500,800,30,1.7,1/200,3200,4801,0.67,0
eT-X5-bRoMg,https://unsplash.com/photos/eT-X5-bRoMg,https://images.unsplash.com/photo-1535586315911-7fafb6a273f7,Canon,Canon EOS 7D,2000,200,6.3,1/2000,2765,3456,0.8,0
RvJLlAGzUvU,https://unsplash.com/photos/RvJLlAGzUvU,https://images.unsplash.com/photo-1539419161974-ca10454f4dcf,FUJIFILM,X-T1,2500,50,5.6,1/180,4896,3264,1.5,1
m1HFem3odgY,https://unsplash.com/photos/m1HFem3odgY,https://images.unsplash.com/photo-1520446981423-6a8377ed1eea,SONY,DSC-RX1,320,35,5.6,1/80,2880,1820,1.58,1
gZltlzPun9c,https://unsplash.com/photos/gZltlzPun9c,https://images.unsplash.com/photo-1534353900028-ce511ef9351d,Canon,Canon EOS 5D Mark III,640,35,1.8,1/800,5685,3790,1.5,1
lT2c4pxkP78,https://unsplash.com/photos/lT2c4pxkP78,https://images.unsplash.com/photo-1504903669937-2f825bf5956f,SONY,ILCA-77M2,800,100,3.5,1/320,6000,4000,1.5,1
PkcoJIiGGbI,https://unsplash.com/photos/PkcoJIiGGbI,https://images.unsplash.com/photo-1555646283-5d0eecd84adf,SONY,ILCE-7M3,1000,75,4,1/125,3800,5700,0.67,0
GZjfHI1VCSo,https://unsplash.com/photos/GZjfHI1VCSo,https://images.unsplash.com/photo-1552499166-0b65653cad27,HUAWEI,CLT-L04,50,4,1.8,1/242,2359,3143,0.75,0
d2wuqguRzZ0,https://unsplash.com/photos/d2wuqguRzZ0,https://images.unsplash.com/photo-1510353157186-4e5fec7beb6d,FUJIFILM,X-Pro2,250,50,3.2,1/2000,4000,5000,0.8,0
0NFaTBh5wHM,https://unsplash.com/photos/0NFaTBh5wHM,https://images.unsplash.com/photo-1557935008-47f967856c91,Nikon,NIKON D810,500,38,10,1/100,7232,4827,1.5,1
MzXxPDebYiM,https://unsplash.com/photos/MzXxPDebYiM,https://images.unsplash.com/photo-1568151032356-412b3402a8c1,SONY,ILCE-6500,100,30,1.7,1/80,3945,5919,0.67,0
evX-ej4zBs8,https://unsplash.com/photos/evX-ej4zBs8,https://images.unsplash.com/photo-1498190119503-7442dfa7eb4b,NIKON CORPORATION,NIKON D3300,200,35,4.5,1/1600,5850,3503,1.67,1
LbAeanvJGsk,https://unsplash.com/photos/LbAeanvJGsk,https://images.unsplash.com/photo-1517261758478-e3f495f26502,Canon,Canon EOS 650D,100,50,2.5,1/4000,3456,3453,1,1
GRqpl9ULpZU,https://unsplash.com/photos/GRqpl9ULpZU,https://images.unsplash.com/photo-1579690738093-8c117a2ae521,Canon,Canon EOS 5D Mark III,250,93,9,1/400,4000,2667,1.5,1
t9wX36U3BEs,https://unsplash.com/photos/t9wX36U3BEs,https://images.unsplash.com/photo-1583702477780-e7e6e2e269d1,FUJIFILM,X-T3,400,85,2,1/2000,4160,6240,0.67,0
Q3i_7LfzyE0,https://unsplash.com/photos/Q3i_7LfzyE0,https://images.unsplash.com/photo-1597935742145-fc032e5b1124,,,,,,,4000,5747,0.7,0
ZbMJ5VLrpQ4,https://unsplash.com/photos/ZbMJ5VLrpQ4,https://images.unsplash.com/photo-1506031836469-0c356b620b54,NIKON CORPORATION,NIKON D5500,1000,300,5.6,1/800,4000,6000,0.67,0
etrym-ApBuI,https://unsplash.com/photos/etrym-ApBuI,https://images.unsplash.com/photo-1534547986753-005f94f3016b,Nikon,NIKON D750,560,170,6.3,1/4000,3856,5776,0.67,0
70l86REbjmk,https://unsplash.com/photos/70l86REbjmk,https://images.unsplash.com/photo-1597571557303-a7a16dfeb22d,SONY,ILCE-7M3,100,85,1.8,1/200,3619,5619,0.64,0
Cp5H4ssQszo,https://unsplash.com/photos/Cp5H4ssQszo,https://images.unsplash.com/photo-1535055019605-b0b614555b7e,Panasonic,DMC-G85,200,35,5.6,1/640,2593,3561,0.73,0
Bxzrd0p6yOM,https://unsplash.com/photos/Bxzrd0p6yOM,https://images.unsplash.com/photo-1505069446780-4ef442b5207f,SONY,ILCE-7,100,50,1.8,1/400,2253,3379,0.67,0
rn1_gNgYy3g,https://unsplash.com/photos/rn1_gNgYy3g,https://images.unsplash.com/photo-1534442424150-78ec219ea322,FUJIFILM,X-T2,2000,38.9,4.5,1/320,3975,5962,0.67,0
J-ac8bKOk0c,https://unsplash.com/photos/J-ac8bKOk0c,https://images.unsplash.com/photo-1447593819879-ea94758bcb89,Canon,Canon EOS 1200D,400,50,1.8,1/80,5184,3456,1.5,1
DmgwxkcdFCM,https://unsplash.com/photos/DmgwxkcdFCM,https://images.unsplash.com/photo-1474975452648-ed01432ef7b1,NIKON CORPORATION,NIKON D800,800,50,6.3,1/250,7360,4912,1.5,1
MgG-w0Dg_Ek,https://unsplash.com/photos/MgG-w0Dg_Ek,https://images.unsplash.com/photo-1499382926300-90a93d2d9990,SONY,ILCE-7,800,55,1.8,1/60,6000,4000,1.5,1
N8viHoaBgWM,https://unsplash.com/photos/N8viHoaBgWM,https://images.unsplash.com/photo-1514537656952-7c8176353681,Canon,Canon EOS 600D,400,140,6.3,1/400,3430,3430,1,0
H7LEJZnrhSU,https://unsplash.com/photos/H7LEJZnrhSU,https://images.unsplash.com/photo-1527656855834-0235e41779fd,OLYMPUS CORPORATION,E-M10MarkII,400,60,4,1/60,4608,3456,1.33,1
BdLO3i0JLCs,https://unsplash.com/photos/BdLO3i0JLCs,https://images.unsplash.com/photo-1465513788702-c32450dfaad6,FUJIFILM,X100S,200,23,2.8,1/850,2048,3072,0.67,0
pcXb7MobWvk,https://unsplash.com/photos/pcXb7MobWvk,https://images.unsplash.com/photo-1546689999-e1db7c13ef06,,,,,,,8192,4608,1.78,1
CNMZqMmSjbc,https://unsplash.com/photos/CNMZqMmSjbc,https://images.unsplash.com/photo-1508084133331-26eb27087434,NIKON CORPORATION,NIKON D5100,1600,32,4.8,1/60,3264,4928,0.66,0
ajAj3-55G2A,https://unsplash.com/photos/ajAj3-55G2A,https://images.unsplash.com/photo-1518758359612-4de7baddb600,Canon,Canon EOS 5D Mark IV,6400,50,1.4,1/100,4480,6720,0.67,0
4AP6qFE2DB4,https://unsplash.com/photos/4AP6qFE2DB4,https://images.unsplash.com/photo-1512282179666-bec3f975a2c6,SONY,ILCE-6000,100,30,11,1/160,3398,4248,0.8,0
Zyx6a0ReB18,https://unsplash.com/photos/Zyx6a0ReB18,https://images.unsplash.com/photo-1522322420883-600684d7f9f1,Canon,Canon EOS 5D Mark III,160,50,2,1/125,3840,5464,0.7,0
N4_O3dYOP-8,https://unsplash.com/photos/N4_O3dYOP-8,https://images.unsplash.com/photo-1543652437-1c165dbfb282,Canon,EOS 700D,800,50,2.8,1/1000,3456,4608,0.75,0
Vo7T44Hp2Mo,https://unsplash.com/photos/Vo7T44Hp2Mo,https://images.unsplash.com/photo-1502836050073-c79f265d3ca5,DJI,FC220,100,4.7,2.2,1/1900,3936,2803,1.4,1
0qRSzNyjvsI,https://unsplash.com/photos/0qRSzNyjvsI,https://images.unsplash.com/photo-1513354651060-1eeb16e65cfb,SONY,DSC-RX100,125,37.1,6.3,1/320,5472,3648,1.5,1
j-cB6FHstww,https://unsplash.com/photos/j-cB6FHstww,https://images.unsplash.com/photo-1519155852291-4a16a37fe0e5,Canon,Canon EOS 5D Mark III,160,70,3.2,1/400,3840,5760,0.67,0
1XvjS1fCrms,https://unsplash.com/photos/1XvjS1fCrms,https://images.unsplash.com/photo-1566796195789-d5a59f97235b,Canon,Canon EOS 80D,100,70,2.8,1/4000,2579,3224,0.8,0
VD8AuCBXP4Y,https://unsplash.com/photos/VD8AuCBXP4Y,https://images.unsplash.com/photo-1596641314492-dd437d0d5463,SONY,ILCE-7SM2,100,35,1.4,1/2000,2832,4240,0.67,0
GzCeSAodc4Y,https://unsplash.com/photos/GzCeSAodc4Y,https://images.unsplash.com/photo-1572814392266-1620040c58be,NIKON CORPORATION,NIKON D750,80,24,1.8,1/80,5575,3794,1.47,1
vkyAx0yGdIM,https://unsplash.com/photos/vkyAx0yGdIM,https://images.unsplash.com/photo-1593401188274-215faf7dee24,FUJIFILM,X-T1,500,35,2,1/60,4896,3264,1.5,1
G4g-wDWJrFA,https://unsplash.com/photos/G4g-wDWJrFA,https://images.unsplash.com/photo-1596494469204-1249f905e705,FUJIFILM,X-T3,160,18,5.6,1/8,3997,5995,0.67,0
vnKfcJ22gio,https://unsplash.com/photos/vnKfcJ22gio,https://images.unsplash.com/photo-1594746309899-061631246f59,Canon,Canon EOS 5D Mark III,100,105,4,1/250,3840,5760,0.67,0
oxVjCyH_ldQ,https://unsplash.com/photos/oxVjCyH_ldQ,https://images.unsplash.com/photo-1415509038608-afca35072cff,FUJIFILM,FinePix AX650,100,8.1,8.8,1/600,4608,3440,1.34,1
okNjFhwkfm0,https://unsplash.com/photos/okNjFhwkfm0,https://images.unsplash.com/photo-1580301584041-3954f2224d17,SONY,ILCE-7M3,100,28,9,1/200,5866,3911,1.5,1
Sp70YIWtuM8,https://unsplash.com/photos/Sp70YIWtuM8,https://images.unsplash.com/photo-1511044676171-fa1c680222c4,Apple,iPhone 5s,32,4.2,2.2,1/180,2448,3264,0.75,0
DWCbM1b_PbY,https://unsplash.com/photos/DWCbM1b_PbY,https://images.unsplash.com/photo-1585968895327-1d7adeafb521,Canon,Canon EOS 6D,640,100,2.2,1/640,3648,5472,0.67,0
nLBcOY8t9tc,https://unsplash.com/photos/nLBcOY8t9tc,https://images.unsplash.com/photo-1478144849792-57dda02c07f7,Canon,Canon EOS 5D Mark III,250,35,5,1/200,4092,3840,1.07,1
lUV966hrjxY,https://unsplash.com/photos/lUV966hrjxY,https://images.unsplash.com/photo-1482037465655-34307e371aea,NIKON CORPORATION,NIKON D750,100,210,6.3,1/2500,5564,3714,1.5,1
Oz7_usBqwuY,https://unsplash.com/photos/Oz7_usBqwuY,https://images.unsplash.com/photo-1527538079466-b6297ad15363,,,,,,,5472,3648,1.5,1
t5aPwmIWNDI,https://unsplash.com/photos/t5aPwmIWNDI,https://images.unsplash.com/photo-1473213795101-471a0f5ef6f6,Canon,Canon EOS 5D Mark III,100,50,4.5,1/160,5760,3840,1.5,1
QF1kOkvoPmI,https://unsplash.com/photos/QF1kOkvoPmI,https://images.unsplash.com/photo-1518521508099-92922f4d24d6,SONY,ILCE-7RM2,320,55,2.5,1/100,1601,2400,0.67,0
yocwPcXJe9c,https://unsplash.com/photos/yocwPcXJe9c,https://images.unsplash.com/photo-1491331568367-82b3c8018969,SONY,ILCE-7M2,100,70,18,1/100,3084,4626,0.67,0
F2eHfMwIOxA,https://unsplash.com/photos/F2eHfMwIOxA,https://images.unsplash.com/photo-1464979681340-bdd28a61699e,Canon,Canon EOS 550D,400,10,3.5,1/100,5025,3350,1.5,1
esOC8MkpLPA,https://unsplash.com/photos/esOC8MkpLPA,https://images.unsplash.com/photo-1476240089339-1d4426572a99,Canon,Canon EOS 50D,800,40,2.8,1/125,4752,3168,1.5,1
5VmGCBpA2y8,https://unsplash.com/photos/5VmGCBpA2y8,https://images.unsplash.com/photo-1511898198187-591292293710,NIKON CORPORATION,NIKON D750,200,50,2,1/640,6016,4016,1.5,1
ApgwT6bsZk8,https://unsplash.com/photos/ApgwT6bsZk8,https://images.unsplash.com/photo-1514857532729-fc8315479159,Canon,Canon EOS 5D Mark III,2500,27,2.8,1/30,5760,3840,1.5,1
4Lh-4xE5_Js,https://unsplash.com/photos/4Lh-4xE5_Js,https://images.unsplash.com/photo-1519120433933-22bc753101f3,SONY,ILCE-7M2,640,28,4,1/100,6000,4000,1.5,1
C0vrrH7u8RA,https://unsplash.com/photos/C0vrrH7u8RA,https://images.unsplash.com/photo-1521312210993-3d37582bcfb6,Canon,Canon EOS 550D,100,85,8,1/320,5184,3456,1.5,1
OMcmo10CTKM,https://unsplash.com/photos/OMcmo10CTKM,https://images.unsplash.com/photo-1520716278696-8af47de5da00,Canon,Canon EOS 6D,250,70,2.8,1/60,4788,3192,1.5,1
XcuR5qEgqS0,https://unsplash.com/photos/XcuR5qEgqS0,https://images.unsplash.com/photo-1531141740883-b479c8d87734,NIKON CORPORATION,NIKON D5000,500,44,36,1/60,2848,3560,0.8,0
vnxIPbYRzIU,https://unsplash.com/photos/vnxIPbYRzIU,https://images.unsplash.com/photo-1531663766899-27c5b930c76b,DJI,FC220,100,4.7,2.2,1/800,2833,3541,0.8,0
sMP1im1Jbq4,https://unsplash.com/photos/sMP1im1Jbq4,https://images.unsplash.com/photo-1528361237150-8a9a7df33035,NIKON CORPORATION,NIKON D3300,800,35,1.8,1/800,5635,3757,1.5,1
PP8Escz15d8,https://unsplash.com/photos/PP8Escz15d8,https://images.unsplash.com/photo-1488197047962-b48492212cda,NIKON CORPORATION,NIKON D80,320,44,10,1/400,3872,2592,1.49,1
QESaXJBiB8Y,https://unsplash.com/photos/QESaXJBiB8Y,https://images.unsplash.com/photo-1505059152565-42971f574ade,Apple,iPhone 7,64,4,1.8,1/15,3777,2826,1.34,1
Wz-qST1cCmQ,https://unsplash.com/photos/Wz-qST1cCmQ,https://images.unsplash.com/photo-1486805960212-1267b4ba0a76,Canon,Canon EOS 70D,100,26,1.8,1/400,5472,3648,1.5,1
Q8Jx6lFPkt8,https://unsplash.com/photos/Q8Jx6lFPkt8,https://images.unsplash.com/photo-1518489540120-8b1cebc3f28e,Canon,Canon EOS 5D Mark III,1250,168,5,1/1250,3840,5760,0.67,0
ASlv_NS3N8A,https://unsplash.com/photos/ASlv_NS3N8A,https://images.unsplash.com/photo-1521250868494-2c39f652509a,Canon,Canon EOS Kiss X7i,100,79,4.5,1/1000,3456,5184,0.67,0
5jySMpqi6xk,https://unsplash.com/photos/5jySMpqi6xk,https://images.unsplash.com/photo-1519952589392-d2091362a099,Canon,Canon EOS 6D,800,50,1.8,1/40,3648,5472,0.67,0
PA0KerQ0lHg,https://unsplash.com/photos/PA0KerQ0lHg,https://images.unsplash.com/photo-1533143533527-000eac90cb5a,,,,,,,5637,3172,1.78,1
6iH-qD2kPLk,https://unsplash.com/photos/6iH-qD2kPLk,https://images.unsplash.com/photo-1533293046890-f1ab3e5e3af9,DJI,FC220,100,4.7,2.2,1/400,2854,3808,0.75,0
teEJx4omfSI,https://unsplash.com/photos/teEJx4omfSI,https://images.unsplash.com/photo-1538173691617-4f8770848689,FUJIFILM,X-T1,200,16,1.4,30,4773,5966,0.8,0
4muj7Br-O4U,https://unsplash.com/photos/4muj7Br-O4U,https://images.unsplash.com/photo-1539673433035-50b0c3110f1b,,,,,,,4898,3265,1.5,1
GtO__3-f2xA,https://unsplash.com/photos/GtO__3-f2xA,https://images.unsplash.com/photo-1536276217085-ee65e3e58996,OLYMPUS CORPORATION,E-M10MarkII,200,9,4,0.5,3456,4320,0.8,0
au4CtdHO1XU,https://unsplash.com/photos/au4CtdHO1XU,https://images.unsplash.com/photo-1504503643911-23cc3dca5a0e,OLYMPUS CORPORATION,TG-4,100,4.5,8,1/500,4608,2592,1.78,1
GThGehGopeI,https://unsplash.com/photos/GThGehGopeI,https://images.unsplash.com/photo-1513619251201-4cea24f804f4,Canon,Canon EOS REBEL SL1,400,50,1.8,1/250,4608,3456,1.33,1
xWeSCy5BdfI,https://unsplash.com/photos/xWeSCy5BdfI,https://images.unsplash.com/photo-1522128494212-18250ea17a62,Canon,Canon EOS 5D Mark III,800,35,2.8,1/500,5716,3811,1.5,1
Np1l2KmC0WA,https://unsplash.com/photos/Np1l2KmC0WA,https://images.unsplash.com/photo-1532881803782-19c5a24e9990,Canon,Canon EOS 70D,100,24,9,1/400,2432,3648,0.67,0
5mmNz49oQ2A,https://unsplash.com/photos/5mmNz49oQ2A,https://images.unsplash.com/photo-1538090110374-37686ab3f231,,,,,,,3626,5815,0.62,0
gQxrO5kOABU,https://unsplash.com/photos/gQxrO5kOABU,https://images.unsplash.com/photo-1550105666-4d0b04475f31,Canon,Canon EOS 6D,500,50,9,1/20,3238,4856,0.67,0
hiy_bs9MrOE,https://unsplash.com/photos/hiy_bs9MrOE,https://images.unsplash.com/photo-1536221236547-04007cfc3d8b,Canon,Canon EOS 6D,125,24,4,1/320,5472,3648,1.5,1
Iem8O6y7ErA,https://unsplash.com/photos/Iem8O6y7ErA,https://images.unsplash.com/photo-1513479965714-5cefd1d34303,Canon,Canon EOS 650D,100,39,16,1/100,5184,3456,1.5,1
V_u_AcU1LnA,https://unsplash.com/photos/V_u_AcU1LnA,https://images.unsplash.com/photo-1528233457589-37c38eed2e23,SONY,ILCE-7RM2,2000,24,2.2,1/100,5304,7952,0.67,0
9u2wfaFO7Gw,https://unsplash.com/photos/9u2wfaFO7Gw,https://images.unsplash.com/photo-1546664330-d7e193fc15c5,Nikon,NIKON D750,6400,14,2.8,30,3488,5225,0.67,0
QUmzl6ltHxs,https://unsplash.com/photos/QUmzl6ltHxs,https://images.unsplash.com/photo-1546725252-1da175fb9814,NIKON CORPORATION,NIKON D5100,800,50,1.8,1/1250,3264,4928,0.66,0
18ijl_lmgPc,https://unsplash.com/photos/18ijl_lmgPc,https://images.unsplash.com/photo-1551437758-bdafc625df1e,NIKON CORPORATION,NIKON D7100,160,24,2.8,1/30,4000,6000,0.67,0
OpgNivAhhdg,https://unsplash.com/photos/OpgNivAhhdg,https://images.unsplash.com/photo-1563169212-5344d5fbc418,Canon,Canon EOS Rebel T6,100,43,7.1,1/40,3456,4320,0.8,0
8HuPjWW_kp8,https://unsplash.com/photos/8HuPjWW_kp8,https://images.unsplash.com/photo-1579197708675-52ebac41f16a,Canon,Canon EOS 5D Mark III,,50,2.5,1/320,3276,4096,0.8,0
NfNioQaJeZ8,https://unsplash.com/photos/NfNioQaJeZ8,https://images.unsplash.com/photo-1577843008424-127bb45f0a7f,Hasselblad,L1D-20c,100,10.3,4.5,1/200,2912,3640,0.8,0
jJ_G90li7DE,https://unsplash.com/photos/jJ_G90li7DE,https://images.unsplash.com/photo-1571655693119-f49cc08dcb9e,Canon,Canon EOS 77D,200,17,4,1/180,2160,2700,0.8,0
RRcYcdGY630,https://unsplash.com/photos/RRcYcdGY630,https://images.unsplash.com/photo-1571068316344-75bc76f77890,FUJIFILM,X-T2,200,16,1.4,1/2000,6000,4000,1.5,1
ziIJiGSkfR4,https://unsplash.com/photos/ziIJiGSkfR4,https://images.unsplash.com/photo-1564121612502-536e86561e39,FUJIFILM,X-T1,200,23,2.8,1/800,4487,2843,1.58,1
xYrrTIG4e0g,https://unsplash.com/photos/xYrrTIG4e0g,https://images.unsplash.com/photo-1576594894651-fb9933194d91,NIKON CORPORATION,NIKON D5300,100,30,8,1/40,4000,6000,0.67,0
g016_NJoOUk,https://unsplash.com/photos/g016_NJoOUk,https://images.unsplash.com/photo-1561041695-d2fadf9f318c,FUJIFILM,X-A2,100,56,1.2,1/1000,3264,4896,0.67,0
kV_BiRZ5_Q4,https://unsplash.com/photos/kV_BiRZ5_Q4,https://images.unsplash.com/photo-1577650863525-2a03abece60b,SONY,ILCE-7RM3,800,90,2.8,1/1600,5304,7952,0.67,0
gvt7oB7OheU,https://unsplash.com/photos/gvt7oB7OheU,https://images.unsplash.com/photo-1595589982168-77b64bc1b485,SONY,ILCE-6300,800,24,4,1/200,4000,6000,0.67,0
ZlQM5cgi4u4,https://unsplash.com/photos/ZlQM5cgi4u4,https://images.unsplash.com/photo-1594582612881-706e0f89f314,FUJIFILM,X-T3,160,35,2,1/500,4117,6175,0.67,0
dFBK4wQU7d0,https://unsplash.com/photos/dFBK4wQU7d0,https://images.unsplash.com/photo-1595871199593-b04178327f7a,,,,,,,3600,4500,0.8,0
wr4JFFG0ekk,https://unsplash.com/photos/wr4JFFG0ekk,https://images.unsplash.com/photo-1600185947497-9efadf13d099,SONY,ILCE-7M3,100,59,4,1/50,5719,3813,1.5,1
VHEd35_KDLE,https://unsplash.com/photos/VHEd35_KDLE,https://images.unsplash.com/photo-1600269868045-780b84200e96,,,,,,,6720,4480,1.5,1
OuUZqV-UYco,https://unsplash.com/photos/OuUZqV-UYco,https://images.unsplash.com/photo-1572942145938-7c3c7e1c2931,SONY,ILCE-7M3,500,35,2.2,1/40,5577,3718,1.5,1
3vAXhTcL_mk,https://unsplash.com/photos/3vAXhTcL_mk,https://images.unsplash.com/photo-1578848977536-b52ef565fd9a,,,,,,,5184,3456,1.5,1
d5_hjWQ4NwA,https://unsplash.com/photos/d5_hjWQ4NwA,https://images.unsplash.com/photo-1579457142458-4cd2311bef74,,,,,,,3180,4770,0.67,0
FoCNcBeLO04,https://unsplash.com/photos/FoCNcBeLO04,https://images.unsplash.com/photo-1582816299240-2135cd671350,Canon,Canon EOS 6D,160,28,1.8,1/320,3648,5472,0.67,0
ci-Lit-OEnY,https://unsplash.com/photos/ci-Lit-OEnY,https://images.unsplash.com/photo-1586383821094-471536c85f4a,,,,,,,6000,4000,1.5,1
s6S8IgEN6-4,https://unsplash.com/photos/s6S8IgEN6-4,https://images.unsplash.com/photo-1586788224331-947f68671cf1,Canon,Canon EOS 6D,,,,,3648,5472,0.67,0
N6SvY-wAl0w,https://unsplash.com/photos/N6SvY-wAl0w,https://images.unsplash.com/photo-1470211702316-05678b58d67a,NIKON CORPORATION,NIKON D700,400,70,13,1/200,4008,2667,1.5,1
MOo2R77mCZY,https://unsplash.com/photos/MOo2R77mCZY,https://images.unsplash.com/photo-1494952442863-4e31b3c1eb06,FUJIFILM,FinePix S5Pro,400,35,3.5,1/250,3335,2232,1.49,1
46P3SPTkZqQ,https://unsplash.com/photos/46P3SPTkZqQ,https://images.unsplash.com/photo-1447959945456-31956e248324,NIKON CORPORATION,NIKON D800,320,24,8,30,7237,4830,1.5,1
xCsUiY9iDlE,https://unsplash.com/photos/xCsUiY9iDlE,https://images.unsplash.com/photo-1449970116647-bea15aa89be4,Apple,iPhone 5,64,4.1,2.4,1/120,3264,2448,1.33,1
P781ud9jf2s,https://unsplash.com/photos/P781ud9jf2s,https://images.unsplash.com/photo-1494081307357-78e3fb01df9b,NIKON CORPORATION,NIKON D5300,125,100,9.5,1/180,3000,2000,1.5,1
MlhnXTGxIl0,https://unsplash.com/photos/MlhnXTGxIl0,https://images.unsplash.com/photo-1554036233-f7a2a0d05ac2,SONY,ILCE-7M3,800,55,2,1/100,3852,5778,0.67,0
6i1nP6VR-rU,https://unsplash.com/photos/6i1nP6VR-rU,https://images.unsplash.com/photo-1518117823675-9a4bb23df61c,SONY,ILCE-7M2,640,35,6.3,1/50,6000,4000,1.5,1
9yY6qj6N4Ek,https://unsplash.com/photos/9yY6qj6N4Ek,https://images.unsplash.com/photo-1577771487836-435449c81bce,Canon,Canon EOS 5D Mark IV,200,50,5.6,1/80,4137,5615,0.74,0
kI8A5M_00s0,https://unsplash.com/photos/kI8A5M_00s0,https://images.unsplash.com/photo-1585760271739-382e5fb7c138,Canon,Canon EOS 5D Mark II,100,105,4,1/100,5616,3744,1.5,1
drke6MEs8Gg,https://unsplash.com/photos/drke6MEs8Gg,https://images.unsplash.com/photo-1444362408440-274ecb6fc730,NIKON CORPORATION,NIKON D90,400,85,1.8,1/80,4288,2848,1.51,1
SIDRBSeaX8s,https://unsplash.com/photos/SIDRBSeaX8s,https://images.unsplash.com/photo-1525785939540-8a33240e4946,Canon,Canon EOS 5D Mark III,200,200,2.8,1/200,5760,3840,1.5,1
rGG-BCtNiuo,https://unsplash.com/photos/rGG-BCtNiuo,https://images.unsplash.com/photo-1532561186056-902a50c1a1f4,NIKON CORPORATION,NIKON D610,250,40,4,1/2500,4512,3008,1.5,1
tB4-ftQ4zyI,https://unsplash.com/photos/tB4-ftQ4zyI,https://images.unsplash.com/photo-1436076838903-fd4dd41d99c4,SONY,ILCE-6000,100,35,4,1/500,5845,3897,1.5,1
LpIy3YxbDA4,https://unsplash.com/photos/LpIy3YxbDA4,https://images.unsplash.com/photo-1465391422195-6be887eb93a9,,,,,,,5472,3648,1.5,1
hkMX6gV3teM,https://unsplash.com/photos/hkMX6gV3teM,https://images.unsplash.com/photo-1486467589601-77e4ca1314b6,Canon,Canon EOS 5DS R,250,35,1.4,1/100,6480,4320,1.5,1
1rMhc16OkJk,https://unsplash.com/photos/1rMhc16OkJk,https://images.unsplash.com/photo-1540222179022-faf9b49479c4,SONY,ILCE-6000,125,50,1.8,1/80,3948,6000,0.66,0
TmTYtJ5RiN8,https://unsplash.com/photos/TmTYtJ5RiN8,https://images.unsplash.com/photo-1493732753663-827f6ef7832b,Canon,Canon EOS 6D,250,85,2.8,1/400,5472,3648,1.5,1
WI_9GWX1o-0,https://unsplash.com/photos/WI_9GWX1o-0,https://images.unsplash.com/photo-1460667450797-d71a56692010,Canon,Canon EOS 6D,2000,50,1.6,1/250,3648,5472,0.67,0
h0wD0bLnnxw,https://unsplash.com/photos/h0wD0bLnnxw,https://images.unsplash.com/photo-1585600852867-0dac6d5dbef0,Canon,Canon EOS 6D Mark II,100,39,2.8,1/1600,3072,4608,0.67,0
hS6hv49wyqM,https://unsplash.com/photos/hS6hv49wyqM,https://images.unsplash.com/photo-1511886277144-49a67943f819,NIKON CORPORATION,NIKON D5100,1600,35,1.4,1/800,3206,4578,0.7,0
pPhN8HFzkDE,https://unsplash.com/photos/pPhN8HFzkDE,https://images.unsplash.com/photo-1525385133512-2f3bdd039054,NIKON CORPORATION,NIKON D7000,125,78,5.6,1/100,3264,4928,0.66,0
AEuxVfta5_M,https://unsplash.com/photos/AEuxVfta5_M,https://images.unsplash.com/photo-1484781731938-20384a8a6960,SONY,ILCE-5000,100,38,14,1/640,5000,3328,1.5,1
ozVQrfENFOs,https://unsplash.com/photos/ozVQrfENFOs,https://images.unsplash.com/photo-1515697061774-2399f90c2b77,Canon,Canon EOS 5D Mark IV,400,24,2.8,1/500,4480,6720,0.67,0
wryatlWx80Y,https://unsplash.com/photos/wryatlWx80Y,https://images.unsplash.com/photo-1519422756681-61778fb58a7b,Canon,Canon EOS 5D Mark III,800,50,1.8,1/500,3840,5760,0.67,0
tFP6yEBPcbc,https://unsplash.com/photos/tFP6yEBPcbc,https://images.unsplash.com/photo-1459488562710-6456213ac56a,NIKON CORPORATION,NIKON D3X,200,24,5.6,1/125,4032,6048,0.67,0
j3WIygrch5s,https://unsplash.com/photos/j3WIygrch5s,https://images.unsplash.com/photo-1481015172496-8cfcb0d85e59,NIKON CORPORATION,NIKON D600,1000,22,3.8,1/60,7200,4800,1.5,1
LuK-MuZ-yf0,https://unsplash.com/photos/LuK-MuZ-yf0,https://images.unsplash.com/photo-1490633874781-1c63cc424610,Canon,Canon EOS 6D,100,50,2.2,1/800,5472,3648,1.5,1
Ovjx9FsXX9c,https://unsplash.com/photos/Ovjx9FsXX9c,https://images.unsplash.com/photo-1466643364662-c73011d56fca,FUJIFILM,X-T1,2000,56,6.4,1/450,4654,3103,1.5,1
Q34YB7yjAxA,https://unsplash.com/photos/Q34YB7yjAxA,https://images.unsplash.com/photo-1479888230021-c24f136d849f,SONY,ILCE-6000,125,35,1.4,1/60,6000,4000,1.5,1
MnK2dFPn3tk,https://unsplash.com/photos/MnK2dFPn3tk,https://images.unsplash.com/photo-1550837659-aafc79fba9c4,Canon,Canon EOS 70D,400,33,4.5,1/500,3648,5472,0.67,0
T6lEU56hBfs,https://unsplash.com/photos/T6lEU56hBfs,https://images.unsplash.com/photo-1546854403-e2837339037b,Google,Pixel 2,59,4.4,1.8,1/33,3024,3885,0.78,0
PpHZmnAqHA4,https://unsplash.com/photos/PpHZmnAqHA4,https://images.unsplash.com/photo-1529063986796-baa5d9b29cd7,Canon,Canon EOS 5D Mark IV,400,74,4,1/40,4480,6720,0.67,0
5Zs66IHP7Mo,https://unsplash.com/photos/5Zs66IHP7Mo,https://images.unsplash.com/photo-1533647188310-52eeae6d8a6e,Canon,Canon EOS 5D Mark IV,1600,90,8,1/2000,6720,4480,1.5,1
bBqrPDfiN4U,https://unsplash.com/photos/bBqrPDfiN4U,https://images.unsplash.com/photo-1519684968101-1095455a6d15,SONY,ILCE-7M2,100,35,13,1/320,5925,3950,1.5,1
KQZZCVyEWVk,https://unsplash.com/photos/KQZZCVyEWVk,https://images.unsplash.com/photo-1526512340740-9217d0159da9,FUJIFILM,X-T10,200,55,11,1/4,2677,3890,0.69,0
iuqmGmst5Po,https://unsplash.com/photos/iuqmGmst5Po,https://images.unsplash.com/photo-1519309621146-2a47d1f7103a,SONY,SLT-A57,100,16,3.2,1/200,4912,3264,1.5,1
1CAVVbhIfog,https://unsplash.com/photos/1CAVVbhIfog,https://images.unsplash.com/photo-1530194471518-20779fd98fbc,Panasonic,DMC-G7,500,25,1.7,1/4000,3064,4592,0.67,0
EwR6Mvwx17I,https://unsplash.com/photos/EwR6Mvwx17I,https://images.unsplash.com/photo-1529420823914-056f2656cd85,Canon,Canon EOS 6D,100,50,1.4,1/4000,3648,5472,0.67,0
K2g7_KFvihg,https://unsplash.com/photos/K2g7_KFvihg,https://images.unsplash.com/photo-1515008168476-888668563ba4,FUJIFILM,X70,800,14,8,1/250,4896,3264,1.5,1
EztqREO1cag,https://unsplash.com/photos/EztqREO1cag,https://images.unsplash.com/photo-1520277872024-58b40679ddb4,DJI,FC300X,106,3.6,2.8,1/25,3000,4000,0.75,0
HuhBWIfw4Kg,https://unsplash.com/photos/HuhBWIfw4Kg,https://images.unsplash.com/photo-1579786695384-b75487cd0411,SONY,ILCE-7,4000,,,20,6000,4000,1.5,1
5MS-B8eQgdc,https://unsplash.com/photos/5MS-B8eQgdc,https://images.unsplash.com/photo-1550975617-9bf552190cba,Canon,Canon EOS 5DS,100,47,2.8,8,8192,5461,1.5,1
bvvYzc-3fGA,https://unsplash.com/photos/bvvYzc-3fGA,https://images.unsplash.com/photo-1504200859795-f6690a6b303d,Canon,Canon EOS 5D Mark III,400,170,10,1/320,7508,7042,1.07,1
TPoEUBgttCc,https://unsplash.com/photos/TPoEUBgttCc,https://images.unsplash.com/photo-1515767175197-2c7c3e3a3959,Canon,Canon EOS 5D Mark II,125,35,4,1/50,5616,3744,1.5,1
wlIB1M8YTnY,https://unsplash.com/photos/wlIB1M8YTnY,https://images.unsplash.com/photo-1519066473994-a7506988851d,NIKON CORPORATION,NIKON D5500,100,35,1.8,1/320,2907,3919,0.74,0
BckdUV5HFlc,https://unsplash.com/photos/BckdUV5HFlc,https://images.unsplash.com/photo-1519937010618-f8c8b7e135b7,FUJIFILM,X-T2,400,35,1.4,1/4000,4000,6000,0.67,0
ndyfVMhl8qI,https://unsplash.com/photos/ndyfVMhl8qI,https://images.unsplash.com/photo-1531812960393-07fab8c1a28f,SONY,ILCE-7RM2,1250,,,1/125,7952,5304,1.5,1
C49NCGDT2nM,https://unsplash.com/photos/C49NCGDT2nM,https://images.unsplash.com/photo-1557865902-56e794ca569c,Canon,Canon EOS 6D,500,40,4,1/125,5472,3648,1.5,1
m4r6i4nmEpM,https://unsplash.com/photos/m4r6i4nmEpM,https://images.unsplash.com/photo-1560131741-5222e0fd4b2d,,,,,,,2817,3522,0.8,0
BIbZb1Zo-hE,https://unsplash.com/photos/BIbZb1Zo-hE,https://images.unsplash.com/photo-1577046618347-48124bb93757,NIKON CORPORATION,NIKON D500,250,30,2.2,1/100,4866,3610,1.35,1
TZQP5mNI3fA,https://unsplash.com/photos/TZQP5mNI3fA,https://images.unsplash.com/photo-1597946824516-458f3af73a50,NIKON CORPORATION,NIKON D610,250,50,3.5,1/1600,4016,6016,0.67,0
VOSU6M0effo,https://unsplash.com/photos/VOSU6M0effo,https://images.unsplash.com/photo-1551357212-86f8dddd32bc,SONY,ILCE-7RM2,200,85,3.2,1/2500,2001,3000,0.67,0
p-8yfcyGn2o,https://unsplash.com/photos/p-8yfcyGn2o,https://images.unsplash.com/photo-1553278127-846c7d285369,Canon,Canon EOS 6D,100,50,2.8,1/3200,5290,3648,1.45,1
LkXmnsBBEF4,https://unsplash.com/photos/LkXmnsBBEF4,https://images.unsplash.com/photo-1568323993143-397386ef16ac,NIKON CORPORATION,NIKON D5200,200,22,5.6,1/320,4491,2994,1.5,1
OwB4OhIhQEg,https://unsplash.com/photos/OwB4OhIhQEg,https://images.unsplash.com/photo-1567609751918-bf3af2a84855,Canon,Canon EOS 77D,100,18,2.5,1/160,3200,4000,0.8,0
Snj3VEksbbE,https://unsplash.com/photos/Snj3VEksbbE,https://images.unsplash.com/photo-1575011732056-edc3c7a9a631,NIKON CORPORATION,NIKON D7500,100,50,2,1/1250,3000,2000,1.5,1
QHwkMEEWyfY,https://unsplash.com/photos/QHwkMEEWyfY,https://images.unsplash.com/photo-1575389468025-4472bf833000,Canon,Canon EOS-1D Mark III,100,24,2.8,1/800,3633,2422,1.5,1
dQIcaRtNZtQ,https://unsplash.com/photos/dQIcaRtNZtQ,https://images.unsplash.com/photo-1526382058722-f01c034adccc,SONY,ILCE-7RM3,100,85,1.4,1/1250,5304,7952,0.67,0
dfybbBsKgbk,https://unsplash.com/photos/dfybbBsKgbk,https://images.unsplash.com/photo-1576678052826-04fd6590483f,DJI,FC220,100,4.7,2.2,1/240,2242,3992,0.56,0
OIoDCgocMqM,https://unsplash.com/photos/OIoDCgocMqM,https://images.unsplash.com/photo-1451959082120-81e1dbec1d7a,SONY,ILCE-7M2,100,17,6.3,1/800,4000,6000,0.67,0
gpoaR2Yiiuw,https://unsplash.com/photos/gpoaR2Yiiuw,https://images.unsplash.com/photo-1601046483763-3e4b011109dc,"RICOH IMAGING COMPANY, LTD.",PENTAX K-3 II,100,77,2.8,1/125,6016,4000,1.5,1
RCAaKlix5lU,https://unsplash.com/photos/RCAaKlix5lU,https://images.unsplash.com/photo-1599499462686-3ed0badee8c3,Canon,Canon EOS 5D Mark III,2000,17,2.8,30,5579,3719,1.5,1
Fy1UlOIKBII,https://unsplash.com/photos/Fy1UlOIKBII,https://images.unsplash.com/photo-1470567391542-83b5ed63ea5b,Canon,Canon EOS 7D,100,14,8,3.2,4814,3283,1.47,1
HYt4uBkjr_4,https://unsplash.com/photos/HYt4uBkjr_4,https://images.unsplash.com/photo-1521510077997-bc65e2d14fe3,Canon,Canon EOS 6D Mark II,160,47,4,1/40,3672,6063,0.61,0
9fWmKm1h-kc,https://unsplash.com/photos/9fWmKm1h-kc,https://images.unsplash.com/photo-1588585995002-162458820912,Canon,Canon EOS 77D,100,50,22,0.8,6000,4000,1.5,1
N6kkI32Oh7g,https://unsplash.com/photos/N6kkI32Oh7g,https://images.unsplash.com/photo-1453053507108-9f5456eb481f,SONY,ILCE-6000,800,30,2.8,1/125,5539,3693,1.5,1
nrzFZ3UBJ9o,https://unsplash.com/photos/nrzFZ3UBJ9o,https://images.unsplash.com/photo-1440942788614-7429a62bc8d0,FUJIFILM,X-T1,200,55,5.6,1/160,3000,2000,1.5,1
S59dyPi00ow,https://unsplash.com/photos/S59dyPi00ow,https://images.unsplash.com/photo-1518716624264-9f1ed6b1d13b,NIKON CORPORATION,NIKON D5300,200,35,5.6,1/160,6000,4000,1.5,1
vI1bJYH7YUA,https://unsplash.com/photos/vI1bJYH7YUA,https://images.unsplash.com/photo-1521411370814-23e0006694bc,DJI,FC220,100,4.7,2.2,1/50,2383,2979,0.8,0
88b2KmI_Bbk,https://unsplash.com/photos/88b2KmI_Bbk,https://images.unsplash.com/photo-1536132287970-32f929e94910,DJI,FC2103,100,4.5,2.8,1/640,4048,3032,1.34,1
r17CwjZBOc8,https://unsplash.com/photos/r17CwjZBOc8,https://images.unsplash.com/photo-1579105472366-c571a90c2fff,HUAWEI,VOG-L29,50,5.6,1.6,1/1250,5456,7280,0.75,0
9dF7pCyaM9s,https://unsplash.com/photos/9dF7pCyaM9s,https://images.unsplash.com/photo-1516849677043-ef67c9557e16,NIKON CORPORATION,NIKON D750,200,20,8,1/4,3000,2000,1.5,1
GSuh8f1-90U,https://unsplash.com/photos/GSuh8f1-90U,https://images.unsplash.com/photo-1524096613842-71a8c45f08a2,NIKON CORPORATION,NIKON D750,800,90,4,1/125,3880,2712,1.43,1
owlRMtPv5Ao,https://unsplash.com/photos/owlRMtPv5Ao,https://images.unsplash.com/photo-1523888769789-53877d14dd06,Panasonic,DMC-FZ300,100,77,5,1/640,4000,3000,1.33,1
fCW4E22uIxI,https://unsplash.com/photos/fCW4E22uIxI,https://images.unsplash.com/photo-1543773407-ebc74e2bc7ff,Canon,Canon EOS 7D Mark II,1250,85,11,1/13,5425,3617,1.5,1
dr63mfXnTws,https://unsplash.com/photos/dr63mfXnTws,https://images.unsplash.com/photo-1557955865-e945d0f8d6bf,,,,,,,3000,4495,0.67,0
PwnT25OVKIU,https://unsplash.com/photos/PwnT25OVKIU,https://images.unsplash.com/photo-1547120013-84d805b0d3c2,NIKON CORPORATION,NIKON D7200,500,35,1.8,1/500,4000,6000,0.67,0
GZ-pLuPZnz4,https://unsplash.com/photos/GZ-pLuPZnz4,https://images.unsplash.com/photo-1551047451-13c676269253,SONY,ILCE-6000,100,35,2.8,1/1000,4000,5000,0.8,0
xtRL02ZuZxE,https://unsplash.com/photos/xtRL02ZuZxE,https://images.unsplash.com/photo-1551021794-03be4ddaf67d,Canon,Canon EOS 6D,320,24,5.6,1/100,2059,2574,0.8,0
NaaiDPPlXwk,https://unsplash.com/photos/NaaiDPPlXwk,https://images.unsplash.com/photo-1422558068704-1f8f0609e27c,Nikon,D40,,200,2.8,,2256,1496,1.51,1
rJrEWunEMgQ,https://unsplash.com/photos/rJrEWunEMgQ,https://images.unsplash.com/photo-1572467829320-c630b2319ca8,SONY,ILCE-6300,2000,16,4.5,1/125,3999,5000,0.8,0
52XuIhCEcuU,https://unsplash.com/photos/52XuIhCEcuU,https://images.unsplash.com/photo-1516684402831-c151c11c6023,Xiaomi,MI 5s Plus,812,4.7,2.2,1/15,4160,3120,1.33,1
SZ-sHjSvejw,https://unsplash.com/photos/SZ-sHjSvejw,https://images.unsplash.com/photo-1534990874943-dceb856eff5b,Canon,Canon EOS 80D,250,30,5,1/125,4000,6000,0.67,0
kkBXGVE9k-8,https://unsplash.com/photos/kkBXGVE9k-8,https://images.unsplash.com/photo-1526529516337-f40ddc5532e2,NIKON CORPORATION,NIKON D5300,320,75,5,1/500,4000,6000,0.67,0
l8Y9fVgxrEE,https://unsplash.com/photos/l8Y9fVgxrEE,https://images.unsplash.com/photo-1534353641488-754bfb2d6cd7,Canon,Canon EOS 5D Mark III,640,35,1.8,1/250,3840,5760,0.67,0
pX7mX52yOvU,https://unsplash.com/photos/pX7mX52yOvU,https://images.unsplash.com/photo-1447958272669-9c562446304f,NIKON CORPORATION,NIKON D800,50,24,11,1/80,4000,2000,2,1
XjvWEsPTDeY,https://unsplash.com/photos/XjvWEsPTDeY,https://images.unsplash.com/photo-1495472772658-b1d6f8472877,Canon,Canon EOS 600D,1600,50,1.4,1/500,5184,3456,1.5,1
ugsmZrn0tQw,https://unsplash.com/photos/ugsmZrn0tQw,https://images.unsplash.com/photo-1597109296057-5da28c88513c,Canon,Canon EOS RP,250,90,3.2,1/200,4160,6240,0.67,0
sEn3zkyD8OI,https://unsplash.com/photos/sEn3zkyD8OI,https://images.unsplash.com/photo-1592750195808-89292111f0f1,SONY,ILCE-7M3,100,183,7.1,1/250,5867,3911,1.5,1
YEQOdewylrc,https://unsplash.com/photos/YEQOdewylrc,https://images.unsplash.com/photo-1495182886889-9152b57a0259,Canon,Canon PowerShot G7 X,125,17.7,4,1/1250,5472,3648,1.5,1
0UXP93NNS1s,https://unsplash.com/photos/0UXP93NNS1s,https://images.unsplash.com/photo-1562315708-25134d003e0f,NIKON CORPORATION,NIKON D7000,100,32,8,1/250,3264,4928,0.66,0
f7Hbh67haBk,https://unsplash.com/photos/f7Hbh67haBk,https://images.unsplash.com/photo-1462871494932-14b4702234e6,NIKON CORPORATION,NIKON D3200,100,30,13,1/640,6016,4000,1.5,1
5CsJnGSR4s4,https://unsplash.com/photos/5CsJnGSR4s4,https://images.unsplash.com/photo-1486322349951-d77344d47581,,,,,,,4000,2743,1.46,1
1exzG3_f4XM,https://unsplash.com/photos/1exzG3_f4XM,https://images.unsplash.com/photo-1529434230777-5ee11ac5888e,Canon,Canon EOS 1200D,200,59,5,1/160,5184,3456,1.5,1
hoSRVDlrRKg,https://unsplash.com/photos/hoSRVDlrRKg,https://images.unsplash.com/photo-1507926859736-2bd131be29bd,Canon,Canon EOS 5D Mark III,1600,19,3.2,30,3450,3450,1,0
SoZ3b8LLOdo,https://unsplash.com/photos/SoZ3b8LLOdo,https://images.unsplash.com/photo-1512242712282-774a8bc0d9d3,NIKON CORPORATION,NIKON D7100,360,26,8,1/60,3000,2000,1.5,1
nmU2zDJ6I5k,https://unsplash.com/photos/nmU2zDJ6I5k,https://images.unsplash.com/photo-1509097207406-34b277546672,Canon,Canon EOS 600D,100,55,9,1/125,3456,5184,0.67,0
b_T2nTaBaps,https://unsplash.com/photos/b_T2nTaBaps,https://images.unsplash.com/photo-1493809827277-90e70b516f3e,NIKON CORPORATION,NIKON D610,100,85,3.2,1/100,3586,5373,0.67,0
AQuqcxxtWrI,https://unsplash.com/photos/AQuqcxxtWrI,https://images.unsplash.com/photo-1516630421781-ff49deb0f644,,,,,,,5184,3456,1.5,1
ggEsHZIGzA4,https://unsplash.com/photos/ggEsHZIGzA4,https://images.unsplash.com/photo-1550527487-a470009cab29,,,,,,,3000,2000,1.5,1
QObzUZkDPVI,https://unsplash.com/photos/QObzUZkDPVI,https://images.unsplash.com/photo-1551350663-0c96e5eda5d1,,,,,,,3713,4951,0.75,0
WiLt6ScXLaE,https://unsplash.com/photos/WiLt6ScXLaE,https://images.unsplash.com/photo-1589125364110-4fd10cc3a147,NIKON CORPORATION,NIKON D90,2000,50,,1/1000,2721,4096,0.66,0
h4KZj_bqE4M,https://unsplash.com/photos/h4KZj_bqE4M,https://images.unsplash.com/photo-1516997289152-207ca5fced33,Canon,Canon EOS Rebel T6,100,29,8,1/200,5017,3346,1.5,1
ipckz_9zDXY,https://unsplash.com/photos/ipckz_9zDXY,https://images.unsplash.com/photo-1495554698253-681539e9ea84,Canon,Canon EOS 5D Mark II,100,85,11,1/200,3861,2574,1.5,1
G85VuTpw6jg,https://unsplash.com/photos/G85VuTpw6jg,https://images.unsplash.com/photo-1508138221679-760a23a2285b,DJI,FC220,100,4.7,2.2,1/60,4000,3000,1.33,1
XCGj8wFfghE,https://unsplash.com/photos/XCGj8wFfghE,https://images.unsplash.com/photo-1513378431345-7f892fbda645,LEICA CAMERA AG,LEICA SL (Typ 601),50,63,13,1/90,6000,4000,1.5,1
iR4MFt4PDMw,https://unsplash.com/photos/iR4MFt4PDMw,https://images.unsplash.com/photo-1425923797048-8b1e0fb2ff16,SONY,ILCE-7,50,16,22,1/10,5790,3860,1.5,1
h-cjqxhB5DE,https://unsplash.com/photos/h-cjqxhB5DE,https://images.unsplash.com/photo-1457903929265-3a43823e29c3,Canon,Canon EOS 5D Mark II,200,50,1.4,1/125,5225,2977,1.76,1
oKA8kDSZpCc,https://unsplash.com/photos/oKA8kDSZpCc,https://images.unsplash.com/photo-1493028641101-740387226136,FUJIFILM,X-T1,200,35,1.4,1/4000,3333,5000,0.67,0
Kh0_UhMM95A,https://unsplash.com/photos/Kh0_UhMM95A,https://images.unsplash.com/photo-1490203715213-14b8ffa90c8b,NIKON CORPORATION,NIKON D5500,100,18,7.1,1/640,6000,4000,1.5,1
MpufQjt8b3o,https://unsplash.com/photos/MpufQjt8b3o,https://images.unsplash.com/photo-1535899616002-ef5e65665fb1,NIKON CORPORATION,NIKON D5200,100,55,9,1/320,6000,3916,1.53,1
sTF4MmHeQOM,https://unsplash.com/photos/sTF4MmHeQOM,https://images.unsplash.com/photo-1586697978172-a74279292677,Canon,Canon EOS 750D,400,24,14,1/500,4000,5333,0.75,0
Sa17Oixskk0,https://unsplash.com/photos/Sa17Oixskk0,https://images.unsplash.com/photo-1521412895119-4acde85a8ca0,Canon,Canon EOS 6D,250,32,3.2,1/200,3648,5472,0.67,0
K0mecICLjlc,https://unsplash.com/photos/K0mecICLjlc,https://images.unsplash.com/photo-1504929065893-ec054770319e,SONY,ILCE-6000,100,,,1/500,3644,5466,0.67,0
pUqTHJ5gq-U,https://unsplash.com/photos/pUqTHJ5gq-U,https://images.unsplash.com/photo-1463227438464-68cf21a01f55,Canon,Canon EOS 600D,100,50,1.8,1/250,5184,3456,1.5,1
Zenx96C0WFI,https://unsplash.com/photos/Zenx96C0WFI,https://images.unsplash.com/photo-1556159991-90840bdbe249,Canon,Canon EOS 6D,100,50,2.2,1/250,5472,3648,1.5,1
wEL2zPX3jDg,https://unsplash.com/photos/wEL2zPX3jDg,https://images.unsplash.com/photo-1505934333218-8fe21ff87e69,,,,,,,4272,2848,1.5,1
aJm2XW384QA,https://unsplash.com/photos/aJm2XW384QA,https://images.unsplash.com/photo-1521575564463-67b5d2709515,Phase One A/S,IQ3 60MP,200,120,20,1/80,8984,5989,1.5,1
6o_eitnR-3o,https://unsplash.com/photos/6o_eitnR-3o,https://images.unsplash.com/photo-1529521251356-ca145f9cd4d0,Canon,Canon EOS REBEL T3i,200,50,2.5,1/800,5184,3456,1.5,1
FwaSpxu9yA0,https://unsplash.com/photos/FwaSpxu9yA0,https://images.unsplash.com/photo-1534758065407-3e0ff34d7fdc,Canon,Canon EOS 70D,400,28,3.5,1/60,3166,4432,0.71,0
4ELcmuV3osk,https://unsplash.com/photos/4ELcmuV3osk,https://images.unsplash.com/photo-1528363088237-2e212bcd4e19,NIKON CORPORATION,NIKON D750,50,32,10,1/20,5475,3655,1.5,1
WMOwLypr_2I,https://unsplash.com/photos/WMOwLypr_2I,https://images.unsplash.com/photo-1509060130544-b6d48203e8ea,,,,,,,3992,2992,1.33,1
0s-LyY_Nm98,https://unsplash.com/photos/0s-LyY_Nm98,https://images.unsplash.com/photo-1554876278-9a90ab84197d,SONY,ILCE-7M3,3200,24,1.4,15,4000,6000,0.67,0
dibXh8NovSc,https://unsplash.com/photos/dibXh8NovSc,https://images.unsplash.com/photo-1533005607257-679dbc72df4b,Canon,Canon PowerShot SX210 IS,80,5,4,1/320,4320,3240,1.33,1
9IxEntLDdFQ,https://unsplash.com/photos/9IxEntLDdFQ,https://images.unsplash.com/photo-1580169188481-0f6901ac0d60,Canon,Canon EOS 60D,100,24,5,1/160,3456,4843,0.71,0
LvWYmMA_U8k,https://unsplash.com/photos/LvWYmMA_U8k,https://images.unsplash.com/photo-1550228309-4cf43ffe255e,SONY,ILCE-6000,800,55,4.5,1/160,3645,6000,0.61,0
7Cv7NaAQiBM,https://unsplash.com/photos/7Cv7NaAQiBM,https://images.unsplash.com/photo-1591292279149-3033d688c0ae,Canon,Canon EOS 70D,160,17,7.1,1/250,3648,5472,0.67,0
JRsZWmRd_Ws,https://unsplash.com/photos/JRsZWmRd_Ws,https://images.unsplash.com/photo-1438032005730-c779502df39b,Canon,Canon EOS 5D Mark II,2500,85,2,1/160,5228,3485,1.5,1
btyl4ggZJv4,https://unsplash.com/photos/btyl4ggZJv4,https://images.unsplash.com/photo-1485817232954-86c1aa6669d7,SONY,ILCE-7,640,35,4,1/160,6000,3376,1.78,1
lmbWKsrPWG0,https://unsplash.com/photos/lmbWKsrPWG0,https://images.unsplash.com/photo-1430505783706-d589753ea6cd,NIKON CORPORATION,NIKON D5100,100,18,3.5,1/125,4928,3264,1.51,1
AZVG-xEZioM,https://unsplash.com/photos/AZVG-xEZioM,https://images.unsplash.com/photo-1572429765691-04b6924fe8cc,SONY,ILCE-7M2,1600,75,2.8,1/200,3407,4260,0.8,0
204rasfHwlU,https://unsplash.com/photos/204rasfHwlU,https://images.unsplash.com/photo-1597632216312-d9c5ebbc8773,FUJIFILM,X-T2,400,16,7.1,1/60,4000,6000,0.67,0
6hDWAajuDv8,https://unsplash.com/photos/6hDWAajuDv8,https://images.unsplash.com/photo-1552664467-e8727a018a93,Canon,Canon EOS 6D,320,50,2.5,1/640,2400,3600,0.67,0
dG9fUG0Jpos,https://unsplash.com/photos/dG9fUG0Jpos,https://images.unsplash.com/photo-1516642898673-edd1ced08e87,Canon,Canon EOS 5D Mark II,320,100,3.2,1/100,5616,3744,1.5,1
Udwp7IZauTc,https://unsplash.com/photos/Udwp7IZauTc,https://images.unsplash.com/photo-1571742422127-e177dd6a2049,OnePlus,ONEPLUS A6010,100,4.2,1.7,1/2000,3456,4608,0.75,0
zcvWUNrmPBQ,https://unsplash.com/photos/zcvWUNrmPBQ,https://images.unsplash.com/photo-1539448455561-25e1e5821f70,Hasselblad,L1D-20c,100,10.3,5.6,1/400,5472,3648,1.5,1
ISC4U66d8Lw,https://unsplash.com/photos/ISC4U66d8Lw,https://images.unsplash.com/photo-1532096551065-3e5523d778e0,,,,,,,2666,4000,0.67,0
_lOoI52WPPc,https://unsplash.com/photos/_lOoI52WPPc,https://images.unsplash.com/photo-1530088789767-c32d73503c46,,,,,,,2048,3072,0.67,0
ACt8ycSzpdE,https://unsplash.com/photos/ACt8ycSzpdE,https://images.unsplash.com/photo-1518005020951-eccb494ad742,Apple,iPhone X,20,4,1.8,1/358,2965,3783,0.78,0
lKkLmtZ5EHs,https://unsplash.com/photos/lKkLmtZ5EHs,https://images.unsplash.com/photo-1532247502237-3ebb6e1770b7,Canon,Canon EOS 6D,100,85,1.8,1/3000,3648,5472,0.67,0
C9VxL-OtUt8,https://unsplash.com/photos/C9VxL-OtUt8,https://images.unsplash.com/photo-1527800900213-3b046048df6f,FUJIFILM,X-T2,200,24,9,1/220,4000,5000,0.8,0
7lUDryZFbbE,https://unsplash.com/photos/7lUDryZFbbE,https://images.unsplash.com/photo-1457347876270-97799484c564,,,,,,,6016,4016,1.5,1
DL6-AbPHoQs,https://unsplash.com/photos/DL6-AbPHoQs,https://images.unsplash.com/photo-1579008578822-5c9a58b4d8b2,NIKON CORPORATION,NIKON D3000,560,18,3.5,1/30,2592,3178,0.82,0
k_NkqIaRhro,https://unsplash.com/photos/k_NkqIaRhro,https://images.unsplash.com/photo-1462278622651-830cfd7e1f08,,,,,,,3632,2431,1.49,1
GQSPqzif4uE,https://unsplash.com/photos/GQSPqzif4uE,https://images.unsplash.com/photo-1492374740375-ed9db793e15f,Canon,Canon EOS 750D,200,24,4.5,1/1000,3858,4823,0.8,0
LWQ0BVih3Tg,https://unsplash.com/photos/LWQ0BVih3Tg,https://images.unsplash.com/photo-1564756885597-f30768b422b4,Apple,iPhone X,16,6,2.4,1/640,2887,3849,0.75,0
eAQjV3mzCkY,https://unsplash.com/photos/eAQjV3mzCkY,https://images.unsplash.com/photo-1492500710956-421b0f5ec023,Apple,iPhone 5,50,4.1,2.4,1/1808,2176,3264,0.67,0
p7XocVlPUyg,https://unsplash.com/photos/p7XocVlPUyg,https://images.unsplash.com/photo-1582136621332-8de1de1bcc5b,Canon,Canon EOS 5D Mark II,640,100,4,1/200,5616,3744,1.5,1
spFEcG9zoD4,https://unsplash.com/photos/spFEcG9zoD4,https://images.unsplash.com/photo-1595704277873-94de82f4645d,Canon,Canon EOS 5D Mark III,100,50,11,1/800,5287,3525,1.5,1
1kqqPKhn0a4,https://unsplash.com/photos/1kqqPKhn0a4,https://images.unsplash.com/photo-1552346652-8e3d1cd8490c,Canon,Canon EOS DIGITAL REBEL XTi,100,80,22,1/50,3888,2592,1.5,1
cMr19bJU1uY,https://unsplash.com/photos/cMr19bJU1uY,https://images.unsplash.com/photo-1531311369323-680fda87a36e,SONY,ILCE-7RM3,100,85,1.4,1/400,5304,7952,0.67,0
inHGrOADoVc,https://unsplash.com/photos/inHGrOADoVc,https://images.unsplash.com/photo-1557382458-cf5210c4b57a,,,,,,,4000,2668,1.5,1
UvgzVZimyWU,https://unsplash.com/photos/UvgzVZimyWU,https://images.unsplash.com/photo-1438824086897-500332bf6e9b,NORITSU KOKI,QSS-32_33,,,,,3091,2048,1.51,1
pYyOZ8q7AII,https://unsplash.com/photos/pYyOZ8q7AII,https://images.unsplash.com/photo-1432958576632-8a39f6b97dc7,,,,,,,5984,3979,1.5,1
TZ7Ei8VdkXg,https://unsplash.com/photos/TZ7Ei8VdkXg,https://images.unsplash.com/photo-1577482573081-b4dc7e3179ef,Canon,Canon EOS R,200,24,4,1/125,4000,2676,1.49,1
ZHW1qo-VRXM,https://unsplash.com/photos/ZHW1qo-VRXM,https://images.unsplash.com/photo-1483480798629-0a045ab9acdb,,,,,,,4608,3072,1.5,1
6bUmlGstym8,https://unsplash.com/photos/6bUmlGstym8,https://images.unsplash.com/photo-1512907819289-143573530514,Canon,Canon EOS 80D,400,35,3.2,1/1000,6000,4000,1.5,1
--Tn3E5ZtfQ,https://unsplash.com/photos/--Tn3E5ZtfQ,https://images.unsplash.com/photo-1530075430575-bd9b0fc83fe1,Canon,Canon EOS 60D,200,50,2,1/250,4550,3033,1.5,1
M34IAftLLsY,https://unsplash.com/photos/M34IAftLLsY,https://images.unsplash.com/photo-1580150674494-d5f0682cee6f,Canon,Canon EOS 6D,100,129,5,1/1000,5472,3648,1.5,1
7WaKibxir18,https://unsplash.com/photos/7WaKibxir18,https://images.unsplash.com/photo-1534348314648-fa85a4e8955f,Canon,Canon EOS 5D Mark III,800,35,1.8,1/2500,5760,3840,1.5,1
A0U9EMwvkXs,https://unsplash.com/photos/A0U9EMwvkXs,https://images.unsplash.com/photo-1427806208781-b36531cb09ef,SONY,SLT-A65V,400,18,5,30,6000,4000,1.5,1
sG128uJZdMU,https://unsplash.com/photos/sG128uJZdMU,https://images.unsplash.com/photo-1486895756674-b48b9b2eacf3,Canon,Canon EOS 700D,400,40,4,1/20,4096,2731,1.5,1
RJ_zZKgKrog,https://unsplash.com/photos/RJ_zZKgKrog,https://images.unsplash.com/photo-1568751302461-fc6f40fa9382,NIKON CORPORATION,NIKON D5200,320,22,8,1/100,2811,4217,0.67,0
ypibB9C-W2E,https://unsplash.com/photos/ypibB9C-W2E,https://images.unsplash.com/photo-1567783943140-3428283518c4,Canon,Canon EOS 5D Mark IV,100,200,4,1/125,4405,5506,0.8,0
ypl5fG5fZsM,https://unsplash.com/photos/ypl5fG5fZsM,https://images.unsplash.com/photo-1518155852009-65246ff44395,Canon,Canon EOS REBEL T5,400,50,1.8,1/2500,3456,5184,0.67,0
8WClaa1CmZ0,https://unsplash.com/photos/8WClaa1CmZ0,https://images.unsplash.com/39/IKMsqwyaR6qN0kq48STw_annapurna.jpg,SAMSUNG,NX1000,400,16,2.4,30,4884,3256,1.5,1
JSwRr9BPIjA,https://unsplash.com/photos/JSwRr9BPIjA,https://images.unsplash.com/photo-1443319795269-ff010092c40d,NIKON CORPORATION,NIKON D300,200,18,10,25,4288,2848,1.51,1
aw6UewokOIo,https://unsplash.com/photos/aw6UewokOIo,https://images.unsplash.com/photo-1461988366670-48e401bafb0a,NIKON CORPORATION,NIKON D4S,1800,50,1.8,1/50,4000,2662,1.5,1
kVwPcYo1Z3I,https://unsplash.com/photos/kVwPcYo1Z3I,https://images.unsplash.com/photo-1569817365628-b39fa699b7ba,FUJIFILM,X-H1,100,16,5.6,1/15,4000,6000,0.67,0
5zWj7K_QVos,https://unsplash.com/photos/5zWj7K_QVos,https://images.unsplash.com/photo-1542491706-26d22fcda7df,NIKON CORPORATION,NIKON D5200,800,40,4.5,1/6,2409,3610,0.67,0
Wccwoigp1ag,https://unsplash.com/photos/Wccwoigp1ag,https://images.unsplash.com/photo-1550850587-cd99d1b19677,Panasonic,DMC-GM1,200,83,8,1/2500,4592,3064,1.5,1
IOkL3ZqAapM,https://unsplash.com/photos/IOkL3ZqAapM,https://images.unsplash.com/photo-1576280314498-31e7c48bba8c,Canon,Canon EOS 5D Mark IV,2000,56,2.8,1/100,1861,2792,0.67,0
pBrHNFqcX-M,https://unsplash.com/photos/pBrHNFqcX-M,https://images.unsplash.com/photo-1503221507150-dcb5a13416ca,SAMSUNG,NX30,800,45,1.8,1/5,3888,2592,1.5,1
1q4L_wsIZuo,https://unsplash.com/photos/1q4L_wsIZuo,https://images.unsplash.com/photo-1587588354456-ae376af71a25,SONY,ILCE-7M2,250,16,16,1/40,3072,2048,1.5,1
ooJi3CJQRa8,https://unsplash.com/photos/ooJi3CJQRa8,https://images.unsplash.com/photo-1439723680580-bfd9d28ef9b6,Canon,Canon EOS 7D,100,28,6.3,1/320,3500,2333,1.5,1
70mSnRb0KZU,https://unsplash.com/photos/70mSnRb0KZU,https://images.unsplash.com/photo-1598112152963-535bfc3596f4,,,,,,,5616,3744,1.5,1
aAQwxN-EOUI,https://unsplash.com/photos/aAQwxN-EOUI,https://images.unsplash.com/photo-1459197648846-52de5e4d1e9a,Canon,Canon EOS 5D Mark II,100,200,4.5,1/500,5616,3744,1.5,1
qQWcD3bPFYs,https://unsplash.com/photos/qQWcD3bPFYs,https://images.unsplash.com/photo-1482987001459-9c8a37b21dd3,NORITSU KOKI,QSS-32_33,,,,,3088,2048,1.51,1
OSwea3yxjT0,https://unsplash.com/photos/OSwea3yxjT0,https://images.unsplash.com/photo-1492683513054-55277abccd99,Canon,Canon EOS 7D,125,50,2.5,1/320,5184,3456,1.5,1
0ZQ8vojHNuc,https://unsplash.com/photos/0ZQ8vojHNuc,https://images.unsplash.com/photo-1515890435782-59a5bb6ec191,SONY,ILCE-6500,160,30,1.4,1/160,6000,4000,1.5,1
tTjspeLiy1M,https://unsplash.com/photos/tTjspeLiy1M,https://images.unsplash.com/photo-1584079797523-69256c98e107,Canon,Canon EOS 5D Mark III,100,24,2.8,1/800,5611,3741,1.5,1
ar2F6xmKgFI,https://unsplash.com/photos/ar2F6xmKgFI,https://images.unsplash.com/photo-1555091674-5b089c492143,NIKON CORPORATION,NIKON D750,100,95,4,1/640,3595,2400,1.5,1
