,Unnamed: 0,photo_id,exif_camera_make,exif_camera_model,exif_iso,exif_focal_length,exif_aperture_value,exif_exposure_time,orientation,iso_noise_bin_label,iso_noise_label,DoF_bin,DoF,exposure_label,focal_label_bin,focal_label
6,6,p-vdIYB4mFY,NORITSU KOKI,EZ Controller,,,,,1,,,,,,,
8,8,txuZ6ATkPMk,,,,,,,1,,,,,,,
10,10,12dXKDujs40,,,,,,,1,,,,,,,
11,11,H28ODcp4EUk,Canon,Canon EOS 60D,,28.0,2.0,1/3200,1,,,0.0,0.0,2.0,0.0,0.0
22,22,ti4uz330CwU,,,,,,,1,,,,,,,
24,24,HYA9Ak06qR8,SONY,ILCE-7,100.0,,,10,1,0.0,0.0,,,0.0,,
29,29,wkZjjrcl9oo,,,,,,,1,,,,,,,
33,33,2wugfiddtXw,,,,,,,1,,,,,,,
34,34,dO0KS_QGnzY,,,,,,,1,,,,,,,
37,37,ocwmWiNAWGs,SONY,SLT-A57,,35.0,3.5,1/4000,1,,,0.0,1.0,2.0,0.0,0.0
40,40,HZg0vJHFyg0,,,,,,,1,,,,,,,
41,41,gq4kE8KRP8c,,,,,,,1,,,,,,,
43,43,dSM6qcdS7Hk,Canon,Canon EOS 5D Mark II,200.0,50.0,,1/125,1,0.0,0.0,,,1.0,0.0,1.0
46,46,jeZXVb3JHgc,,,,,,,1,,,,,,,
47,47,d8IPvipdj1Y,,,,,,,1,,,,,,,
50,50,gxuJV1SMk_s,,,,,,,1,,,,,,,
53,53,o94ZSuWMeis,,,,,,,1,,,,,,,
77,77,QTVi7cvYm0k,,,,,,,1,,,,,,,
82,82,PQYovEfGC_I,SONY,NEX-5N,100.0,,,,1,0.0,0.0,,,,,
93,93,0mtnfThbrMA,,,,,,,1,,,,,,,
110,110,q75_AMCgsZU,,,,,,,1,,,,,,,
121,121,1NKYcxSIw8g,,,,,,,1,,,,,,,
131,131,QdSYuTtcGZE,SONY,ILCE-7,50.0,,,20,1,0.0,0.0,,,0.0,,
141,141,Gxa1GeJ2TlY,,,,,,,1,,,,,,,
143,143,rYWz3Q88P8g,SONY,ILCE-6000,100.0,,,1/640,1,0.0,0.0,,,2.0,,
154,154,qWqj7_h0mxU,NIKON CORPORATION,NIKON D90,200.0,,,1/500,1,0.0,0.0,,,2.0,,
159,159,iBh14jRMBI4,Canon,Canon EOS 5D,200.0,0.0,,1/400,1,0.0,0.0,,,2.0,,
162,162,HfGRKdRsolA,,,,,,,1,,,,,,,
165,165,K0NZmsoaRt0,,,,,,,1,,,,,,,
180,180,1c0l8A8VDzk,,,,,,,1,,,,,,,
184,184,bcyC0eCFH8U,,,,,,,1,,,,,,,
200,200,-grKZ-GzWyU,,,,,,,1,,,,,,,
205,205,bQUKDF5H7fo,,,,,,,1,,,,,,,
210,210,s48nn4NtlZ4,SONY,ILCE-7,1600.0,,,2.5,1,1.0,1.0,,,0.0,,
213,213,uXMU_dC_tFM,,,,,,,1,,,,,,,
221,221,aMgRySE38Yw,,,,,,,1,,,,,,,
226,226,IraMdOH78NE,,,,,,,1,,,,,,,
229,229,Ob-5QPT6yv4,,,,,,,1,,,,,,,
231,231,bOv4fYURclY,,,,,,,1,,,,,,,
232,232,e0Q4qqvvrXI,,,,,,,1,,,,,,,
236,236,HS4D5MvY5F4,,,,,,,1,,,,,,,
246,246,njQ-fbNxpTk,OLYMPUS IMAGING CORP.,E-PL2,200.0,,,1/640,1,0.0,0.0,,,2.0,,
247,247,Y5pSLoYarnE,,,,,,,1,,,,,,,
252,252,Sq44zuvuYuQ,,,,,,,1,,,,,,,
254,254,HAGq70L1MXc,,,,,,,1,,,,,,,
265,265,83zRhEhFMfo,,,,,,,1,,,,,,,
271,271,kqBzDbiVV40,,,,,,,1,,,,,,,
277,277,KFnu4Y0uNJA,,,,,,,1,,,,,,,
289,289,5RXGJ9DUI88,,,,,,,1,,,,,,,
292,292,xO5EYYkBUHE,,,,,,,1,,,,,,,
298,298,H2iEmRRERjU,,,,,,,1,,,,,,,
303,303,bx6FW6H4PGU,"FUJI PHOTO FILM CO., LTD.",SP-3000,,,,,1,,,,,,,
309,309,W03UoQoFsoM,,,,,,,1,,,,,,,
310,310,yDxzI-3IEMc,,,,,,,1,,,,,,,
316,316,2FqpN2CWCLo,NIKON CORPORATION,NIKON D5300,400.0,,,1/60,1,0.0,0.0,,,1.0,,
322,322,HE5PT9HElGE,SONY,ILCE-7M2,200.0,,,1/60,1,0.0,0.0,,,1.0,,
330,330,V2wJBB2p7eU,,,,,,,1,,,,,,,
336,336,LKOAOAJZEbc,,,,,,,1,,,,,,,
343,343,fBkkiSWvnmM,Canon,Canon EOS 80D,3200.0,,,25,1,1.0,2.0,,,0.0,,
344,344,eKCeVOfw4J8,,,,,,,1,,,,,,,
348,348,F8NIC0FAEgc,,,,,,,1,,,,,,,
350,350,KRVmB7wraZ4,Canon,Canon EOS 6D,3200.0,,,30,1,1.0,2.0,,,0.0,,
351,351,Fztf-d-JoaI,SONY,ILCE-7RM2,1000.0,,,30,1,1.0,1.0,,,0.0,,
353,353,QyfSWUp7ReM,,,,,,,1,,,,,,,
356,356,UF0WlFvPvrk,,,,,,,1,,,,,,,
363,363,tYQoo65Rw2o,SONY,ILCE-6300,1600.0,,,15,1,1.0,1.0,,,0.0,,
364,364,nuMmwfyPOUw,NIKON CORPORATION,NIKON D750,1000.0,0.0,,1/100,1,1.0,1.0,,,1.0,,
369,369,rC2UStRbYCg,,,,,,,1,,,,,,,
385,385,ygCOdo61k3E,,,,,,,1,,,,,,,
388,388,4_Bc9CSm70A,,,,,,,1,,,,,,,
396,396,wWtOyQJYtG4,Apple,iPhone,,,,,1,,,,,,,
407,407,npwjNTG_SQA,,,,,,,1,,,,,,,
410,410,ewgeSo_WYYE,SONY,ILCE-6000,100.0,,,1/640,1,0.0,0.0,,,2.0,,
411,411,cokIcMulPJA,,,,,,,1,,,,,,,
417,417,hcfyt4OHHgY,,,,,,,1,,,,,,,
439,439,eQ_icBB_jFk,Canon,Canon EOS 70D,,135.0,5.6,,1,,,1.0,1.0,,1.0,2.0
440,440,ZUMtJb6XbhE,,,,,,,1,,,,,,,
475,475,WKKG5oYx3qA,Canon,EOS 6D,,,,,1,,,,,,,
476,476,hAw0XnvMgns,Sony,,,,,,1,,,,,,,
484,484,YK8Mvocj6yE,,,,,,,1,,,,,,,
490,490,-tXcEuihgzE,,,,,,,1,,,,,,,
495,495,bVwe2yS6Dsk,Canon,Canon EOS 5D Mark III,400.0,,,1/80,1,0.0,0.0,,,1.0,,
505,505,ex7j-sLCJL8,Canon,Canon EOS 5D Mark III,4000.0,,,30,1,1.0,2.0,,,0.0,,
526,526,6Gf1U9KEaZc,,,,,,,1,,,,,,,
533,533,iAGWGrTz8Ds,,,,,,,1,,,,,,,
535,535,L6dbA1JxjKQ,Canon,350d,,,,,1,,,,,,,
541,541,x5MPo4MeIrA,,,,,,,1,,,,,,,
551,551,tw6EH_9R1fE,,,,,,,1,,,,,,,
555,555,PVF5lMJ46uQ,,,,,,,1,,,,,,,
561,561,sLm-g51KSo0,,,,,,,1,,,,,,,
579,579,bGiEiximqpY,SONY,ILCE-6000,640.0,,,30,1,1.0,1.0,,,0.0,,
593,593,vq_PJkj8K7w,,,,,,,1,,,,,,,
594,594,9EMpkQwelbc,Apple,iPhone,,,,,1,,,,,,,
599,599,Oq4cMZpHNsk,Sony,ILCE-6300,,,5.6,,1,,,1.0,1.0,,,
608,608,4Y_wBtaxlbU,,,,,,,1,,,,,,,
610,610,D3TciOBZhRw,,,,,,,1,,,,,,,
648,648,wIrbHI_NiRY,,,,,,,1,,,,,,,
660,660,reYDl88Nah0,DJI,Mavic Pro,,,,,1,,,,,,,
663,663,A_6KbwLuVgk,Canon,Canon EOS 5D Mark III,800.0,,,1/160,1,1.0,1.0,,,1.0,,
672,672,PGeslSkvPQg,,,,,,,1,,,,,,,
676,676,V8aqozDhJZM,,,,,,,1,,,,,,,
699,699,Hkk_RdYxHO0,sony,Alpha a7Rii,40.0,,28.0,1/3,1,0.0,0.0,1.0,2.0,1.0,,
717,717,3Eax7IYlEyc,,,,,,,1,,,,,,,
718,718,j_ch0zV7wd8,,,,,,,1,,,,,,,
721,721,0b4sfNTqBLU,Canon,EOS 5D Mark IV,400.0,85.0,11.0,,1,0.0,0.0,1.0,2.0,,0.0,1.0
722,722,tSVYjmyQn5E,Dji,Mavic pro,,,,,1,,,,,,,
725,725,mQM4EK5QZeE,Sony,alpha a5000,,,,,1,,,,,,,
734,734,XqY8Ql6ldbY,SONY,ILCE-6000,125.0,,,1/125,1,0.0,0.0,,,1.0,,
774,774,p4xNF5ZPc0c,,,,,,,1,,,,,,,
803,803,d-LLNKYgecU,,,,,,,1,,,,,,,
818,818,Y55zLkK2SUs,,,,,,,1,,,,,,,
835,835,TENM5K-MoB4,Sigma,dp0 Quattro,100.0,14.0,11.0,,1,0.0,0.0,1.0,2.0,,0.0,0.0
851,851,tvAHVu1792A,,,,,,,1,,,,,,,
872,872,Fza0q_fRufU,,,,,,,1,,,,,,,
878,878,X0Bf8b-_sWQ,,,,,,,1,,,,,,,
886,886,M1lej2F2aE8,,,,,,,1,,,,,,,
889,889,6zumjWR-7xY,,,,,,,1,,,,,,,
916,916,MFM-RhG4Ge0,Nikon,D7200,,,,,1,,,,,,,
972,972,OOWmZlxvw08,Apple,iPhone,,,,,1,,,,,,,
1005,1005,z9U2_RaFvBI,,,,,,,1,,,,,,,
1015,1015,Af5SVVxBmPg,ZWO,ASI294MC-Pro,,952.0,7.5,,1,,,1.0,2.0,,1.0,2.0
1036,1036,-UcW-PCS7d4,Sony,A7RIII,,,,,1,,,,,,,
1068,1068,sruwnRWm9OY,,,,,,,1,,,,,,,
1074,1074,iQhRYATGEmM,Canon,EOS 40D,,,,,1,,,,,,,
1079,1079,QfLm-2AiJ_M,ZWO,ASI294MC-Pro,,952.0,7.5,,1,,,1.0,2.0,,1.0,2.0
1083,1083,vLCMWwg5TAs,Canon,Canon EOS R,3200.0,,,1/160,1,1.0,2.0,,,1.0,,
1086,1086,vS_5uvXCtWI,,,,,,,1,,,,,,,
1096,1096,--kGuWTwn48,Canon,Canon EOS 5D Mark III,1600.0,,,40,1,1.0,1.0,,,0.0,,
1111,1111,2ksPvCaaJ5Y,,,,,,,1,,,,,,,
1142,1142,iLL_Nc0sG4A,,,,,,,1,,,,,,,
1157,1157,AblYIRrGcgI,Canon,EOS 500D,400.0,50.0,,1/3200,1,0.0,0.0,,,2.0,0.0,1.0
1191,1191,DiE0UN2xaJo,,,,,,,1,,,,,,,
1212,1212,mX7mSd3EipU,,,,,,,1,,,,,,,
1214,1214,i7OiHRQkJHY,ZWO,ASI294MC-Pro,,952.0,7.5,,1,,,1.0,2.0,,1.0,2.0
1229,1229,B-CKuoYQod0,Olympus,MJU Zoom 105,,,,,1,,,,,,,
1231,1231,DNN8mA0gStU,,,,,,,1,,,,,,,
1234,1234,yEauzeZU6xo,,,,,,,1,,,,,,,
1235,1235,mv6SYfwHmxY,NIKON CORPORATION,NIKON D3400,200.0,,,1/500,1,0.0,0.0,,,2.0,,
1245,1245,Yh2zBhsnTjw,Canon,,2500.0,400.0,,1/200,1,1.0,2.0,,,1.0,1.0,2.0
1262,1262,IQ-4W6x_y9o,,,,,,,1,,,,,,,
1276,1276,jiUZpRXGssY,Canon,Canon EOS 5D Mark IV,640.0,,,1/400,1,1.0,1.0,,,2.0,,
1292,1292,O3QMRUGcEtc,,,,,,,1,,,,,,,
1296,1296,MxKEvp6HTK4,,,,,,,1,,,,,,,
1326,1326,gzXhH-RiydU,NORITSU KOKI,EZ Controller,,,,,1,,,,,,,
1343,1343,nQ0Zre-H3GM,,,,,,,1,,,,,,,
1356,1356,4aphqBYyZsA,,,,,,,1,,,,,,,
1366,1366,7XjqE50Upak,,,,,,,1,,,,,,,
1388,1388,JEIzmszejPo,,,,,,,1,,,,,,,
1401,1401,-9cV7wTi--Y,NORITSU KOKI,EZ Controller,,,,,1,,,,,,,
1411,1411,MnmAUrVKZkM,,,,,,,1,,,,,,,
1422,1422,3tHeNvZkdco,,,,,,,1,,,,,,,
1452,1452,xrjPENC-T7g,,,,,,,1,,,,,,,
1456,1456,FOgxRVxjGSs,,,,,,,1,,,,,,,
1467,1467,TJO8EfZgYog,,,,,,,1,,,,,,,
1498,1498,MYCX157AX8w,FUJIFILM,X-T100,400.0,50.0,,1/400,1,0.0,0.0,,,2.0,0.0,1.0
1515,1515,Pkb5_XBteRA,,,,,,,1,,,,,,,
1524,1524,df-BFy8gah0,,,,,,,1,,,,,,,
1527,1527,nLH-8Cpmzaw,,,,,,,1,,,,,,,
1535,1535,UhP0GH9mcCw,Phase One,IQ3 100MP,50.0,,,1/60,1,0.0,0.0,,,1.0,,
1548,1548,kEYmW2wNl8I,Canon,Canon EOS 5D Mark III,500.0,100.0,,1/160,1,1.0,1.0,,,1.0,1.0,2.0
1564,1564,7Xo5ZuwhmYA,,,,,,,1,,,,,,,
1572,1572,5HT7p_DVJ3c,,,,,,,1,,,,,,,
1593,1593,o_t4RaYrULw,SONY,NEX-6,100.0,,,1/50,1,0.0,0.0,,,1.0,,
1598,1598,OxczpSUAdZg,,,,,,,1,,,,,,,
1599,1599,w-Ns1bbb51A,,,,,,,1,,,,,,,
1602,1602,BXYKqXStTk8,,,,,,,1,,,,,,,
1607,1607,nqLMg7DHLqU,,,,,,,1,,,,,,,
1625,1625,adqJDoALnKU,,,,,,,1,,,,,,,
1641,1641,ANCoz0JMhiQ,,,,,,,1,,,,,,,
1660,1660,jgm-1R6lDrw,,,,,,,1,,,,,,,
1662,1662,Uypha7ZQLYc,,,,,,,1,,,,,,,
1683,1683,r2I1MneHKZE,,,,,,,1,,,,,,,
1699,1699,qzgDM0Kgox4,,,,,,,1,,,,,,,
1706,1706,JQqcFma8X3o,,,,,,,1,,,,,,,
1724,1724,eN6FkYAetF8,,,,,,,1,,,,,,,
1728,1728,zpiRxhM7Mhc,Canon,Canon EOS 100D,200.0,0.0,,1/6,1,0.0,0.0,,,1.0,,
1747,1747,KeCfJr-c8BA,,,,,,,1,,,,,,,
1759,1759,tbPXz-9umWI,,,,,,,1,,,,,,,
1771,1771,XKRqp9D30yc,,,,,,,1,,,,,,,
1773,1773,-97jc08hg8Y,,,,,,,1,,,,,,,
1810,1810,YhxzT-cSEWc,,,,,,,1,,,,,,,
1845,1845,Aqwz4ylfVds,,,,,,,1,,,,,,,
1847,1847,3IqWy4vpwCc,,,,,,,1,,,,,,,
1851,1851,V0CKTSLHmKU,,,,,,,1,,,,,,,
1857,1857,orslXe6SYb4,,,,,,,1,,,,,,,
1889,1889,fOfQEcyWkUU,Canon,Canon EOS 200D,100.0,,,1/200,1,0.0,0.0,,,1.0,,
1902,1902,peF_cwPVing,,,,,,,1,,,,,,,
1957,1957,Zpy0FToMJnk,FUJIFILM,X-A3,4000.0,35.0,,1/800,1,1.0,2.0,,,2.0,0.0,0.0
1977,1977,MwWsAfTIXJk,,,,,,,1,,,,,,,
1997,1997,3kWZ-gVZAG0,SONY,ILCE-7RM2,125.0,,,1/1250,1,0.0,0.0,,,2.0,,
1999,1999,UYP9-IXnNtU,Canon,,2000.0,,5.6,1/250,1,1.0,2.0,1.0,1.0,1.0,,
2032,2032,wi3HrORQ4Ds,,,,,,,1,,,,,,,
2038,2038,mxx-lVuVdFM,,,,,,,1,,,,,,,
2052,2052,J8YByQQ7qXM,,,,,,,1,,,,,,,
2078,2078,9Y_b6ujUSZM,,,,,,,1,,,,,,,
2081,2081,xRmAq6H6Z1Y,SONY,ILCE-7RM2,320.0,,,1/1000,1,0.0,0.0,,,2.0,,
2146,2146,htAyoWqrXww,,,,,,,1,,,,,,,
2148,2148,7FLh300YONc,,,,,,,1,,,,,,,
2150,2150,kl-dC3shTIw,,,,,,,1,,,,,,,
2151,2151,Xne1N4yZuOY,,,,,,,1,,,,,,,
2154,2154,ozwiCDVCeiw,,,,,,,1,,,,,,,
2160,2160,oSf8ePoG9NU,,,,,,,1,,,,,,,
2164,2164,BAPzw6CKBQY,,,,,,,1,,,,,,,
2169,2169,-u-utDdi6m0,Canon,Canon EOS 7D,640.0,50.0,,30,1,1.0,1.0,,,0.0,0.0,1.0
2180,2180,X7HsylKeork,,,,,,,1,,,,,,,
2185,2185,Qw5jYjhQhmY,,,,,,,1,,,,,,,
2189,2189,hcaZvkpPBac,,,,,,,1,,,,,,,
2193,2193,vMwcWBEB-Pg,,,,,,,1,,,,,,,
2198,2198,ANyAligrI6Y,Phase One,H 20,50.0,,,,1,0.0,0.0,,,,,
2199,2199,9U_uCvfpptk,,,,,,,1,,,,,,,
2209,2209,21r3djZK3Lc,,,,,,,1,,,,,,,
2212,2212,MPYUwhE8Jjs,,,,,,,1,,,,,,,
2232,2232,oGaPflEHgQg,,,,,,,1,,,,,,,
2236,2236,ypgicIdtYps,,,,,,,1,,,,,,,
2259,2259,UCfVkFjSS-s,,,,,,,1,,,,,,,
2263,2263,QKZ0bak8_KE,,,,,,,1,,,,,,,
2264,2264,_1qwPyCx3ik,Panasonic,DMC-GH2,160.0,0.0,,1/2000,1,0.0,0.0,,,2.0,,
2265,2265,8R0l7vkXTXk,,,,,,,1,,,,,,,
2270,2270,xVwo6NxKDFk,,,,,,,1,,,,,,,
2275,2275,PZEBRwmvNxE,,,,,,,1,,,,,,,
2282,2282,EVXB_Is-UqI,,,,,,,1,,,,,,,
2296,2296,gh0jQUTRX0c,,,,,,,1,,,,,,,
2309,2309,QdmJzausBHA,,,,,,,1,,,,,,,
2312,2312,eBo2n2lIdnU,SONY,ILCE-7M2,100.0,,,1/40,1,0.0,0.0,,,1.0,,
2325,2325,mSK5nNsAsLY,,,,,,,1,,,,,,,
2337,2337,MsNoBrXCZto,,,,,,,1,,,,,,,
2340,2340,5kGjw-8MJeU,,,,,,,1,,,,,,,
2344,2344,o9Z91mK4Q5I,,,,,,,1,,,,,,,
2346,2346,bUhzlj3gGso,,,,,,,1,,,,,,,
2378,2378,Qbn7_Nqs8WA,,,,,,,1,,,,,,,
2380,2380,fvi6KrnYRwM,,,,,,,1,,,,,,,
2394,2394,wEgiJtlfzPc,,,,,,,1,,,,,,,
2406,2406,NKttv4dABKw,,,,,,,1,,,,,,,
2426,2426,Y-B3hOhzguw,,,,,,,1,,,,,,,
2430,2430,812R8yikx3k,Canon,Canon EOS 5D Mark III,500.0,,,1/3200,1,1.0,1.0,,,2.0,,
2446,2446,6alYiK8YdWI,SONY,SLT-A77V,160.0,,,1/1250,1,0.0,0.0,,,2.0,,
2452,2452,u3XMyl-4OSY,Canon,6D,400.0,200.0,2.8,,1,0.0,0.0,0.0,0.0,,1.0,2.0
2477,2477,9bRNd0wQY9M,,,,,,,1,,,,,,,
2485,2485,Qj0j1-yUhQk,,,,,,,1,,,,,,,
2486,2486,kgXQwrE9-f0,,,,,,,1,,,,,,,
2518,2518,GKTgaIpo0pU,SONY,ILCE-7M3,200.0,,,1/400,1,0.0,0.0,,,2.0,,
2532,2532,RZSReC6K2K0,,,,,,,1,,,,,,,
2534,2534,LD0ulFVek-Y,NIKON ,NIKON D810,100.0,20.0,,1/125,1,0.0,0.0,,,1.0,0.0,0.0
2545,2545,Q9cb64SF3pQ,SONY,ILCE-7,50.0,60.0,,1/250,1,0.0,0.0,,,1.0,0.0,1.0
2548,2548,FY1yJ7W3T8U,FUJIFILM,X-T1,200.0,35.0,,1/1000,1,0.0,0.0,,,2.0,0.0,0.0
2550,2550,0koIWaAZbaA,,,,,,,1,,,,,,,
2569,2569,SmZlptlLhaY,Nikon,D750,,,,,1,,,,,,,
2577,2577,tNt7fOOOgKA,,,,,,,1,,,,,,,
2580,2580,vDDm1B-n65Q,DJI,FC220,,4.7,2.2,1/1250,1,,,0.0,0.0,2.0,0.0,0.0
2582,2582,IWKjV_nhhOY,,,,,,,1,,,,,,,
2592,2592,ceJhlary6lo,Sony,,,,,,1,,,,,,,
2600,2600,wRso54AdVuE,FUJIFILM,X-T1,200.0,35.0,,1/30,1,0.0,0.0,,,1.0,0.0,0.0
2608,2608,Ji7kcVi8KHs,,,,,,,1,,,,,,,
2620,2620,Y7OSh5oC3NM,,,,,,,1,,,,,,,
2638,2638,yQTQgXeYAac,DJI,Mavic Air,,,,,1,,,,,,,
2659,2659,Npc9ZQdYMvQ,,,,,,,1,,,,,,,
2660,2660,I4FHWcYIMjI,Leica Camera AG,LEICA M10,800.0,35.0,,17,1,1.0,1.0,,,0.0,0.0,0.0
2669,2669,YAt2KX0JVdE,,,,,,,1,,,,,,,
2685,2685,3atyPswCWX8,,,,,,,1,,,,,,,
2689,2689,aHbT3tyINHk,SONY,ILCE-6000,1000.0,,,30,1,1.0,1.0,,,0.0,,
2708,2708,xesXSbLqT4U,Canon,Canon EOS REBEL T3,,,,,1,,,,,,,
2722,2722,4o7FzQZBvzU,,,,,,,1,,,,,,,
2759,2759,dwXKJSwJe7Q,,,,,,,1,,,,,,,
2765,2765,Ojdt_mSDk38,,,,,,,1,,,,,,,
2780,2780,rtF8RXSGODY,,,,,,,1,,,,,,,
2819,2819,clvr9zKeARA,,,,,,,1,,,,,,,
2828,2828,1m_0l2lmarA,Panasonic,DC-GH5,400.0,0.0,,1/50,1,0.0,0.0,,,1.0,,
2897,2897,OOuPX8bcpjI,,,,,,,1,,,,,,,
2938,2938,6MB_jBwteIg,Canon,Canon EOS 5D Mark III,50.0,,,1/800,1,0.0,0.0,,,2.0,,
2942,2942,UDG_wELaYUM,,,,,,,1,,,,,,,
2952,2952,XzzRFJkIE5w,SONY,ILCE-7R,100.0,,,1/1600,1,0.0,0.0,,,2.0,,
2954,2954,iGX3Ba5oiQ4,"FUJI PHOTO FILM CO., LTD.",SP-3000,,,,,1,,,,,,,
2960,2960,7D9QH-rUnq0,ZWO,ASI294MC-Pro,,952.0,7.5,,1,,,1.0,2.0,,1.0,2.0
3017,3017,XNWjkbjL2qk,,,,,,,1,,,,,,,
3028,3028,tCxmk9tX-HY,,,,,,,1,,,,,,,
3037,3037,0pJ5B6fnBp0,"FUJI PHOTO FILM CO., LTD.",SP-3000,,,,,1,,,,,,,
3048,3048,YnfbA6-67MQ,RICOH,,,,,,1,,,,,,,
3079,3079,zjfHfXykgDc,,,,,,,1,,,,,,,
3084,3084,kvHhSroTNPY,,,,,,,1,,,,,,,
3099,3099,N56pNPcli_0,SONY,ILCE-7M2,160.0,0.0,,1/125,1,0.0,0.0,,,1.0,,
3109,3109,G5sUV9ytPHE,RICOH,QSS-32_33,,,,,1,,,,,,,
3146,3146,s79i3mBakbU,,,,,,,1,,,,,,,
3149,3149,Sy4pkQCradg,,,,,,,1,,,,,,,
3155,3155,1tqpzFw1fS4,,,,,,,1,,,,,,,
3183,3183,MUbcybuo7aY,,,,,,,1,,,,,,,
3188,3188,pWf3xq6lods,,,,,,,1,,,,,,,
3190,3190,6GTlIs8tmfE,ZWO,ASI 1600 Pro CC,,480.0,7.0,,1,,,1.0,2.0,,1.0,2.0
3217,3217,TPug5zhUy90,,,,,,,1,,,,,,,
3256,3256,0CH_I06Ow2Q,,,,,,,1,,,,,,,
3268,3268,j9a-kdKUwRI,Leica Camera AG,LEICA M (Typ 240),200.0,,4.8,1/1000,1,0.0,0.0,1.0,1.0,2.0,,
3273,3273,2IQPwhsi2_g,,,,,,,1,,,,,,,
3279,3279,ypeC7Lu4MZ4,Canon,Canon EOS 80D,100.0,,,1/1600,1,0.0,0.0,,,2.0,,
3304,3304,IYvdGTWXxRM,Canon,EOS 300D,,600.0,7.5,,1,,,1.0,2.0,,1.0,2.0
3380,3380,2Q6V3bbV_uQ,NIKON CORPORATION,NIKON D5300,640.0,0.0,,1/4000,1,1.0,1.0,,,2.0,,
3391,3391,VziE37AVI2w,,,,,,,1,,,,,,,
3394,3394,FGjR4IGwP7U,,,,,,,1,,,,,,,
3400,3400,Y8Qj8RZLJJM,,,,,,,1,,,,,,,
3410,3410,7DTKnOcXJB4,DJI,FC7203,,4.5,2.8,1/13,1,,,0.0,0.0,1.0,0.0,0.0
3438,3438,RYvGgzHtClM,,,,,,,1,,,,,,,
3460,3460,316Bp23oLt8,,,,,,,1,,,,,,,
3497,3497,d7FbDJkJSFw,,,,,,,1,,,,,,,
3500,3500,y0bCt2UwpvY,NIKON CORPORATION,NIKON D90,400.0,,,1/25,1,0.0,0.0,,,1.0,,
3527,3527,HIDkJoAE5kE,SONY,ILCE-7M3,200.0,,,1/160,1,0.0,0.0,,,1.0,,
3540,3540,0UtMDLOk0Vg,,,,,,,1,,,,,,,
3551,3551,81tIDMsJrGg,Canon,Canon EOS REBEL SL1,,50.0,2.5,1/100,1,,,0.0,0.0,1.0,0.0,1.0
3559,3559,DyKNWG7d1yk,,,,,,,1,,,,,,,
3562,3562,vfqBtntwQc8,,,,,,,1,,,,,,,
3575,3575,gpQVLgSReGc,NIKON CORPORATION,NIKON D750,250.0,,,1/3200,1,0.0,0.0,,,2.0,,
3595,3595,jcYH_JE613I,SONY,SLT-A77V,160.0,,,1/200,1,0.0,0.0,,,1.0,,
3597,3597,7XOij6KNUXI,,,,,,,1,,,,,,,
3605,3605,1qT-zMTRFp0,,,,,,,1,,,,,,,
3612,3612,r9d5y6pr5CA,,,,,,,1,,,,,,,
3613,3613,IaRgDQiF36Q,,,,,,,1,,,,,,,
3614,3614,Xlhu7bkCJOA,,,,,,,1,,,,,,,
3615,3615,UAVSczNLrCk,,,,,,,1,,,,,,,
3631,3631,BhVSQZ9rP0s,,,,,,,1,,,,,,,
3642,3642,kx97mFLTGfk,,,,,,,1,,,,,,,
3643,3643,nOqcsEegXec,,,,,,,1,,,,,,,
3651,3651,Y3Td-v-JRHI,,,,,,,1,,,,,,,
3676,3676,E9YoQjLw6A4,,,,,,,1,,,,,,,
3685,3685,VlOrWGCFl_w,EPSON,Perfection V600,,,,,1,,,,,,,
3706,3706,ocFm38bEyTE,,,,,,,1,,,,,,,
3736,3736,Y7wZ2qRK0hM,Apple,iPhone,,,,,1,,,,,,,
3756,3756,79A146cpmZw,SONY,ILCE-7,160.0,,,1/125,1,0.0,0.0,,,1.0,,
3757,3757,miBYxBjvAtw,Olympus,OM 2,,,,,1,,,,,,,
3758,3758,YxCyGRM0xYU,,,,,,,1,,,,,,,
3759,3759,XcZo3Zk-QUc,,,,,,,1,,,,,,,
3763,3763,7_gwY9Ht1Zc,,,,,,,1,,,,,,,
3768,3768,3UY5DMqdJ7o,,,,,,,1,,,,,,,
3769,3769,FcDqdJUM6B4,,,,,,,1,,,,,,,
3796,3796,7_CM0-V4Uhk,,,,,,,1,,,,,,,
3811,3811,F8JH5TX0hhs,,,,,,,1,,,,,,,
3846,3846,5MteLUU9FGI,,,,,,,1,,,,,,,
3853,3853,90myODWk4KU,,,,,,,1,,,,,,,
3861,3861,StKbeSGn7To,,,,,,,1,,,,,,,
3875,3875,M5kI-5OFviE,SONY,ILCE-7RM2,160.0,,,1/200,1,0.0,0.0,,,1.0,,
3884,3884,-xYL27RWIU0,,,,,,,1,,,,,,,
3891,3891,CsE8s5zuUGg,,,,,,,1,,,,,,,
3912,3912,7lf1iuSVRXY,,,,,,,1,,,,,,,
3929,3929,sFEDVau5xYg,,,,,,,1,,,,,,,
3941,3941,wd3a2uJFCk0,,,,,,,1,,,,,,,
3974,3974,1fxcQYy5OXc,Canon,Canon EOS 5D Mark III,100.0,75.0,,1/125,1,0.0,0.0,,,1.0,0.0,1.0
3985,3985,qzw-3kVDSoI,Canon,EOS Rebel  T6,,,,,1,,,,,,,
4010,4010,hni1Her_WAA,,,,,,,1,,,,,,,
4017,4017,lVtlz3JRV6o,,,,,,,1,,,,,,,
4021,4021,luPOnViYl7I,,,,,,,1,,,,,,,
4022,4022,FC9mIjVT-Yw,,,,,,,1,,,,,,,
4025,4025,gaGHZPrgA-I,,,,,,,1,,,,,,,
4034,4034,-VIIUPt7h9E,SONY,SLT-A77V,,28.0,2.8,1/1600,1,,,0.0,0.0,2.0,0.0,0.0
4037,4037,5ZtFR_PwtyA,,,,,,,1,,,,,,,
4043,4043,Nte-4RiRfwU,SONY,ILCE-6000,,,,,1,,,,,,,
4047,4047,SHIDPK_URIU,,,,,,,1,,,,,,,
4052,4052,8FwiZcXiX_g,Apple,iPhone,,,,,1,,,,,,,
4069,4069,KTIVMMOXNu8,,,,,,,1,,,,,,,
4070,4070,zH9dWD_KttY,SONY,DSC-TX7,,,,,1,,,,,,,
4078,4078,X-EbHuHgUzw,NIKON CORPORATION,NIKON D610,100.0,,,1/160,1,0.0,0.0,,,1.0,,
4082,4082,P1hJZ6wzjMI,,,,,,,1,,,,,,,
4091,4091,IEqPWQvnR1E,Canon,Canon EOS 70D,1000.0,0.0,,1/125,1,1.0,1.0,,,1.0,,
4092,4092,SUgjIT8-eOk,,,,,,,1,,,,,,,
4096,4096,PEQF05GeIAI,Canon,Canon EOS REBEL SL1,200.0,,,1/100,1,0.0,0.0,,,1.0,,
4106,4106,jYpBrPayXM8,,,,,,,1,,,,,,,
4109,4109,FjVBKyP95Ik,,,,,,,1,,,,,,,
4132,4132,2ixYuIJ83U4,,,,,,,1,,,,,,,
4136,4136,UpTGII6ovDM,,,,,,,1,,,,,,,
4141,4141,GDxFfJ5LShM,,,,,,,1,,,,,,,
4142,4142,WkkKSJi1_-M,,,,,,,1,,,,,,,
4144,4144,w_EjAp3leuM,Canon,,,,,,1,,,,,,,
4149,4149,Kj3DvPqzBDw,Canon,500D,800.0,200.0,4.0,,1,1.0,1.0,1.0,1.0,,1.0,2.0
4154,4154,qJhwq8vulK4,,,,,,,1,,,,,,,
4157,4157,v3k7Ub4lnGk,NIKON CORPORATION,,,50.0,2.0,1/200,1,,,0.0,0.0,1.0,0.0,1.0
4163,4163,jDFRhCAyX0Q,Sony,ILCE-7M3,100.0,70.0,5.6,,1,0.0,0.0,1.0,1.0,,0.0,1.0
4184,4184,Z7mREQaK0Pc,,,,,,,1,,,,,,,
4243,4243,hPNqS9TFADs,,,,,,,1,,,,,,,
4244,4244,XqiePapSa1Q,,,,,,,1,,,,,,,
4247,4247,B8xmtKWLrVo,,,,,,,1,,,,,,,
4258,4258,rkS1_3-UEec,,,,,,,1,,,,,,,
4261,4261,CW6J55DqTWU,,,,,,,1,,,,,,,
4271,4271,OM5Zy3_7pGU,,,,,,,1,,,,,,,
4273,4273,BDuIPkFGjxs,,,,,,,1,,,,,,,
4307,4307,ReKIQ_wcnSw,,D600,,,,,1,,,,,,,
4336,4336,VlThqxlFaE0,,,,,,,1,,,,,,,
4339,4339,874EgxOuynM,,,,,,,1,,,,,,,
4340,4340,4T7-GLBDLKE,FUJIFILM,X-T1,200.0,35.0,,2.5,1,0.0,0.0,,,0.0,0.0,0.0
4346,4346,5Md4QPSQVhE,,,,,,,1,,,,,,,
4351,4351,lC-ntQsuEpo,,,,,,,1,,,,,,,
4361,4361,puUx-3kFVbg,DJI,Mavic Pro,100.0,,,,1,0.0,0.0,,,,,
4386,4386,a5Kqguq-s0o,,,,,,,1,,,,,,,
4389,4389,fNn2MBhRwMs,,,,,,,1,,,,,,,
4394,4394,FiMkxKEgV-A,,,,,,,1,,,,,,,
4400,4400,unWfjCnwTyc,,,200.0,,1.5,1/125,1,0.0,0.0,0.0,0.0,1.0,,
4426,4426,wg9uiLcE6XM,,,,,,,1,,,,,,,
4440,4440,NbhpatdLWys,,,,,,,1,,,,,,,
4455,4455,6uc7BqmrSJM,,,,,,,1,,,,,,,
4456,4456,QJENgx7g1zg,,,,,,,1,,,,,,,
4467,4467,y_VSZO-taAE,,,,,,,1,,,,,,,
4575,4575,2ItamjVvf-0,FUJIFILM,X-T100,200.0,28.0,,1/350,1,0.0,0.0,,,2.0,0.0,0.0
4606,4606,KOAJOeZwOxA,,,,,,,1,,,,,,,
4608,4608,vnJ3_GNYSWQ,Nikon,D800,,105.0,,,1,,,,,,1.0,2.0
4647,4647,HXkpvbyuyTY,,,,,,,1,,,,,,,
4653,4653,NtsCGzQeD7A,SONY,ILCE-7RM2,8000.0,,,1/160,1,1.0,2.0,,,1.0,,
4669,4669,lqVe6NdK8bQ,,,,,,,1,,,,,,,
4689,4689,FwWTH1-O6xI,Nikon,Nikon D750,,,,,1,,,,,,,
4691,4691,hB_yapuPaIs,,,,,,,1,,,,,,,
4704,4704,ia16k_RM338,Zenit E,Zenit E,,,,,1,,,,,,,
4721,4721,p184vYrKCEk,Sony,ILCE-7M2,400.0,50.0,,160,1,0.0,0.0,,,0.0,0.0,1.0
4748,4748,WUydTfaP3t4,,,,,,,1,,,,,,,
4791,4791,LD8FhvuLiEA,,,,,,,1,,,,,,,
4794,4794,WT_nZUfAmBc,"FUJI PHOTO FILM CO., LTD.",SP-3000,,,,,1,,,,,,,
4796,4796,OgVT4yfpIxk,,,,,,,1,,,,,,,
4799,4799,beraptQwJt0,EPSON,Perfection V600,,,,,1,,,,,,,
4801,4801,T-tgZmKFRZU,FUJIFILM,X-T100,640.0,35.0,,1/640,1,1.0,1.0,,,2.0,0.0,0.0
4814,4814,FVr_yQpPWtQ,,,,,,,1,,,,,,,
4843,4843,s-4i34Z07To,,,,,,,1,,,,,,,
4868,4868,ZtReZry0h4I,,,,,,,1,,,,,,,
4872,4872,eKm1A53Af_g,,,,,,,1,,,,,,,
4875,4875,DFnbkd_uvuc,Canon,Canon EOS 5D Mark IV,400.0,,,1/200,1,0.0,0.0,,,1.0,,
4895,4895,M3-kUGFYyUE,NORITSU KOKI,EZ Controller,,,,,1,,,,,,,
4909,4909,K0vp1x2vC9g,,,,,,,1,,,,,,,
4916,4916,1WhW787C2UE,NIKON CORPORATION,NIKON Z 6,,,,,1,,,,,,,
4955,4955,9rC6w_49RSE,,,,,,,1,,,,,,,
4968,4968,c19qlljAdjI,,,,,,,1,,,,,,,
4982,4982,HlQmF9_Uqmc,,,,,,,1,,,,,,,
4987,4987,ipmG_8rHIzA,,,,,,,1,,,,,,,
4992,4992,23tp6td7hg4,,,,,,,1,,,,,,,
5041,5041,J7rRzjba-kY,,,,,,,1,,,,,,,
5056,5056,QTnOhxGJZkk,ASI,ZWO 294 MC,,952.0,7.5,,1,,,1.0,2.0,,1.0,2.0
5064,5064,NljdMbT3s30,,,,,,,1,,,,,,,
5065,5065,xLHhmLzCeMs,,,,,,,1,,,,,,,
5077,5077,-w3-YDg_VKU,"FUJI PHOTO FILM CO., LTD.",SP-3000,,,,,1,,,,,,,
5113,5113,ZsvV6tcEQLQ,SONY,ILCE-7M2,250.0,0.0,,1/60,1,0.0,0.0,,,1.0,,
5146,5146,p6slMrGDQSo,,,,,,,1,,,,,,,
5153,5153,T9o1cyfad34,,,,,,,1,,,,,,,
5236,5236,hSh_X3kJ4bI,,,,,,,1,,,,,,,
5240,5240,yq5ZIr4DIas,,,,,,,1,,,,,,,
5246,5246,utFO-7TScD4,,,,,,,1,,,,,,,
5263,5263,Y52_j3wc-UU,,,,,,,1,,,,,,,
5264,5264,SBpdQB7k9YQ,OLYMPUS CORPORATION,E-PL8,,14.0,3.5,1/125,1,,,0.0,1.0,1.0,0.0,0.0
5279,5279,P2pGX2-zWNs,,,,,,,1,,,,,,,
5288,5288,-r-YJ-6rhxQ,,,,,,,1,,,,,,,
5308,5308,22upuIT1SL4,,,,,,,1,,,,,,,
5311,5311,gIzxvrhvXnY,,,,,,,1,,,,,,,
5314,5314,LrTO7MsC3Dw,"FUJI PHOTO FILM CO., LTD.",SP-3000,,,,,1,,,,,,,
5348,5348,HJJdGJrRQ84,,,,,,,1,,,,,,,
5353,5353,7CQFCHoFL-o,,,,,,,1,,,,,,,
5354,5354,RhJrLG3qqEo,,,,,,,1,,,,,,,
5367,5367,wDWsVZdMF4s,NORITSU KOKI,QSS-32_33,,,,,1,,,,,,,
5381,5381,X1q5Ex2tKdA,SONY,ILCE-7M2,400.0,,,1/100,1,0.0,0.0,,,1.0,,
5384,5384,49ktllPyN9U,,,,,,,1,,,,,,,
5449,5449,iHeymraGXvk,,,,,,,1,,,,,,,
5453,5453,MRpGUJagn3k,,,,,,,1,,,,,,,
5458,5458,mR91Lis_7ks,NIKON CORPORATION,NIKON D750,250.0,,,1/3200,1,0.0,0.0,,,2.0,,
5461,5461,kf3BgsKrj5Y,,,,,,,1,,,,,,,
5479,5479,-h53wDV4SF0,,,,,,,1,,,,,,,
5490,5490,zcDXfKNAMHc,Canon,,200.0,50.0,,,1,0.0,0.0,,,,0.0,1.0
5500,5500,IzuMfvXB5CM,SONY,ILCE-7M3,3200.0,,,36,1,1.0,2.0,,,0.0,,
5517,5517,zptRXyxJEpU,,,,,,,1,,,,,,,
5525,5525,AN0Z7lJ7Cmw,,,,,,,1,,,,,,,
5548,5548,3FVeCbX6OrY,Canon,Canon 5D MarkIII,,,,,1,,,,,,,
5552,5552,i-oQ_7vTHcE,SONY,ILCE-7SM2,100.0,,,1/8000,1,0.0,0.0,,,2.0,,
5616,5616,gwTEUjUr7NY,,,,,,,1,,,,,,,
5629,5629,MF4TYiXMcyg,,,,,,,1,,,,,,,
5644,5644,MSpFr8sETjc,,,,,,,1,,,,,,,
5654,5654,MtVH3pwBTjs,,,,,,,1,,,,,,,
5656,5656,QaPbXr8MCSg,,,,,,,1,,,,,,,
5664,5664,qge7llyp7cc,ZWO w/WOGT71 33 frames each SHO,ASI1600MM Pro,,335.0,4.7,240,1,,,1.0,1.0,0.0,1.0,2.0
5677,5677,vCKl84jpaZM,,,,,,,1,,,,,,,
5681,5681,B20ZhpKFL5U,,,,,,,1,,,,,,,
5682,5682,mR_HR8NZwg8,,,,,,,1,,,,,,,
5683,5683,pHM4a_RZSLE,,,,,,,1,,,,,,,
5685,5685,OQWymBdj0Go,Apple,"iPad4,1",,,,,1,,,,,,,
5686,5686,Wvas_uTO8wQ,,,,,,,1,,,,,,,
5687,5687,04paG2PxKGs,,,,,,,1,,,,,,,
5688,5688,xfqOqP0ydQI,,,,,,,1,,,,,,,
5689,5689,9702xTENR-M,,,,,,,1,,,,,,,
5701,5701,LHdST1-f2bc,NIKON CORPORATION,NIKON D5100,100.0,,,7,1,0.0,0.0,,,0.0,,
5704,5704,ghP1Pf97A3Q,,,,,,,1,,,,,,,
5709,5709,3sBnJqI8LXo,,,,,,,1,,,,,,,
5711,5711,M2ziz9n8t0I,NIKON CORPORATION,NIKON D3100,,,,,1,,,,,,,
5729,5729,NrflUuJJK0I,,,,,,,1,,,,,,,
5732,5732,-wPKYv1kQrA,,,,,,,1,,,,,,,
5745,5745,88PQxSVFvwE,,,,,,,1,,,,,,,
5759,5759,HYDL8uARCN8,,,,,,,1,,,,,,,
5763,5763,fK_BvUCrNPE,,,,,,,1,,,,,,,
5765,5765,yJ9sc4peomM,,,,,,,1,,,,,,,
5779,5779,PhgHfKwfWb0,,,,,,,1,,,,,,,
5781,5781,qmWzxQJ6M6g,,,,,,,1,,,,,,,
5789,5789,xhCgUIRtUsk,,,,,,,1,,,,,,,
5797,5797,qy8XDguG9bw,Canon,Canon EOS 6D,1600.0,,,25,1,1.0,1.0,,,0.0,,
5799,5799,173qEXh9eNI,,,,,,,1,,,,,,,
5800,5800,Erf1Kz7ZE5Y,NIKON CORPORATION,NIKON D3300,356.0,,,,1,0.0,0.0,,,,,
5810,5810,GbLmG7Nnzzo,SONY,ILCE-6000,100.0,,,1/200,1,0.0,0.0,,,1.0,,
5821,5821,c64UTXEETuk,,,,,,,1,,,,,,,
5822,5822,qHkOCA7MyiI,,,,,,,1,,,,,,,
5838,5838,wEYiIJGKSyc,,,,,,,1,,,,,,,
5841,5841,cNL9PYsgVNE,,,,,,,1,,,,,,,
5842,5842,E_lIE17suKg,,,,,,,1,,,,,,,
5843,5843,rmBzuBiSozo,,,,,,,1,,,,,,,
5848,5848,jcsXq4614dA,Panasonic,DMC-GM1,250.0,0.0,,1/50,1,0.0,0.0,,,1.0,,
5862,5862,LZpzMEY0pXI,"FUJI PHOTO FILM CO., LTD.",SP-3000,,,,,1,,,,,,,
5890,5890,7WpRtQK5ePE,,,,,,,1,,,,,,,
5891,5891,0eE9GfBaxDg,,,,,,,1,,,,,,,
5900,5900,g9Px49-lNks,,,,,,,1,,,,,,,
5901,5901,pR5OXJn6Kug,SONY,ILCE-7SM2,200.0,,,1/8000,1,0.0,0.0,,,2.0,,
5904,5904,91QHQ3GGh9I,,,,,,,1,,,,,,,
5907,5907,SfrOdEnvyns,,,,,,,1,,,,,,,
5911,5911,hD2Hs9y8yAQ,,,,,,,1,,,,,,,
5915,5915,iVel_HLwk8c,,,,,,,1,,,,,,,
5917,5917,5vc0dWJp05Y,SONY,ILCE-7,3200.0,,,1/1600,1,1.0,2.0,,,2.0,,
5920,5920,jwraMZtxBHs,,,,,,,1,,,,,,,
5926,5926,SCjhLOM_4ks,,,,,,,1,,,,,,,
5929,5929,Ri9Q6ZQrN5g,Canon,Canon EOS 7D,,,,,1,,,,,,,
5938,5938,PoamIEgMV74,Canon,Canon EOS 7D,,,,,1,,,,,,,
5970,5970,bUMT3SR4c68,,,,,,,1,,,,,,,
5988,5988,nT2mpbm_QRg,,,,,,,1,,,,,,,
5994,5994,xwTYw9knAG8,,,,,,,1,,,,,,,
6000,6000,m-fg5ZHJB_o,,,,,,,1,,,,,,,
6004,6004,NEi1NeAZDf0,,,,,,,1,,,,,,,
6008,6008,xg8z_KhSorQ,,,,,,,1,,,,,,,
6017,6017,W4o1oWx0k0g,,,,,,,1,,,,,,,
6030,6030,-xZqcyTBUSI,,,,,,,1,,,,,,,
6054,6054,wDLnCaHHrKU,,,,,,,1,,,,,,,
6114,6114,nvDnfWuSyD8,,,,,,,1,,,,,,,
6121,6121,ac66TUhKDjg,,,,,,,1,,,,,,,
6123,6123,2QX4INtycDQ,,,,,,,1,,,,,,,
6124,6124,82NWNb5AGWc,,,,,,,1,,,,,,,
6135,6135,zMct-fQxEtA,,,,,,,1,,,,,,,
6145,6145,Yc6gRT4PiGY,,,,,,,1,,,,,,,
6146,6146,lh0mqRUCrok,SONY,ILCE-6000,640.0,,,30,1,1.0,1.0,,,0.0,,
6148,6148,wni1hBukmzQ,,,,,,,1,,,,,,,
6149,6149,IyAmVX9y8Iw,Canon,Canon EOS 6D,100.0,,,1/160,1,0.0,0.0,,,1.0,,
6150,6150,fFzc4vomKDI,,,,,,,1,,,,,,,
6155,6155,kTUvCdJTe98,,,,,,,1,,,,,,,
6161,6161,H02pCXALq88,SONY,ILCE-7M3,6400.0,,,25,1,1.0,2.0,,,0.0,,
6167,6167,kxcpoJhGnr4,,,,,,,1,,,,,,,
6191,6191,QhwZFN3GCv4,,,,,,,1,,,,,,,
6210,6210,rGL9bjHDqNM,,,,,,,1,,,,,,,
6213,6213,Oze6U2m1oYU,Nikon,D7500,800.0,360.0,,180,1,1.0,1.0,,,0.0,1.0,2.0
6221,6221,EzHhVeuZslw,,,,,,,1,,,,,,,
6233,6233,ROKiNFIhd9M,OLYMPUS IMAGING CORP.,E-M10,,28.0,11.0,1/500,1,,,1.0,2.0,2.0,0.0,0.0
6235,6235,4Vo3VBP7aMs,Sony,,,,,,1,,,,,,,
6241,6241,_JXeqmjpVSk,,,,,,,1,,,,,,,
6243,6243,tcR4hHSDh7g,,,,,,,1,,,,,,,
6250,6250,ToTR39MBGMk,Canon,Canon EOS 6D,1600.0,14.0,8.0,,1,1.0,1.0,1.0,2.0,,0.0,0.0
6255,6255,XScEdhZAHv0,SONY,ILCE-6000,3200.0,,,10,1,1.0,2.0,,,0.0,,
6265,6265,8rzNygM1NDs,,,,,,,1,,,,,,,
6269,6269,ltHZ2CPXrqI,,,,,,,1,,,,,,,
6274,6274,3cNiEmCBeFk,,,,,,,1,,,,,,,
6282,6282,xROcpKs3Phg,,,,,,,1,,,,,,,
6296,6296,GluqwvkUyZU,SONY,ILCE-6000,100.0,,,1/4000,1,0.0,0.0,,,2.0,,
6320,6320,llCkggB7uCQ,,,,,,,1,,,,,,,
6353,6353,JHXTGB77Y_Q,Canon,ae-1 program,,,,,1,,,,,,,
6362,6362,NyapZuexFaQ,SONY,ILCE-7M2,160.0,,,1/30,1,0.0,0.0,,,1.0,,
6513,6513,ZkCVqkwlUGE,,,,,,,1,,,,,,,
6563,6563,8MD_TrUkzbU,SONY,ILCE-7RM2,125.0,,,1/8000,1,0.0,0.0,,,2.0,,
6581,6581,I1sF8NVAtf8,Canon,Canon EOS 1300D,,,,,1,,,,,,,
6586,6586,WpivphA6Yt8,Canon,Canon EOS 5D Mark III,320.0,100.0,,1/160,1,0.0,0.0,,,1.0,1.0,2.0
6589,6589,ulO6Nf8aHGE,,,,,,,1,,,,,,,
6597,6597,MNrYmRgM7mg,,,,,,,1,,,,,,,
6601,6601,xMu7TwjyrFs,Nikon,F-801s,,,,,1,,,,,,,
6602,6602,0M7Z6WTi-1M,,,,,,,1,,,,,,,
6614,6614,zrefdvvHnwU,Canon,Canon EOS 5D Mark III,50.0,75.0,,1/200,1,0.0,0.0,,,1.0,0.0,1.0
6638,6638,eZ74-FxcIYo,Panasonic,DMC-G7,200.0,,,1/1000,1,0.0,0.0,,,2.0,,
6640,6640,iOMv4daqIUg,,,,,,,1,,,,,,,
6654,6654,6oS-qWbeBBA,Canon,,,,,1/20,1,,,,,1.0,,
6663,6663,ZN76SroLyB8,Nikon,D5200,,,,,1,,,,,,,
6675,6675,3lRb4lmCBNw,NIKON CORPORATION,NIKON D3100,1600.0,,,1/60,1,1.0,1.0,,,1.0,,
6682,6682,o1n-Mdxw3N4,,,,,,,1,,,,,,,
6701,6701,VrQRpV4c9jY,,,,,,,1,,,,,,,
6706,6706,ykk25W6Tiyw,NORITSU KOKI,QSS-32_33,,,,,1,,,,,,,
6708,6708,d14iJP94TWg,SONY,ILCE-6300,800.0,,,1/1000,1,1.0,1.0,,,2.0,,
6731,6731,D_nkqrLR3gw,,,,,,,1,,,,,,,
6744,6744,xHqOVq9w8OI,NIKON CORPORATION,NIKON D40,,,,,1,,,,,,,
6790,6790,gxDdSqomSb0,Nikon,D7000,,,,,1,,,,,,,
6795,6795,DRMkkgMMHk4,FUJIFILM,X-T1,1600.0,28.0,,1/125,1,1.0,1.0,,,1.0,0.0,0.0
6845,6845,_TlLurJZdIc,,,,,,,1,,,,,,,
6857,6857,Y3DW4MsvmFE,,,,,,,1,,,,,,,
6868,6868,ZsqfMGAzsRE,,,,,,,1,,,,,,,
6906,6906,B2ShPV9ixzY,"FUJI PHOTO FILM CO., LTD.",SP500,,,,,1,,,,,,,
6908,6908,CuOUmKz9SDs,"FUJI PHOTO FILM CO., LTD.",SP-3000,,,,,1,,,,,,,
6914,6914,a_AFFD1U2LU,,,,,,,1,,,,,,,
6922,6922,YHNS64l6CUE,Canon,Canon EOS 80D,100.0,,,1/1000,1,0.0,0.0,,,2.0,,
6994,6994,U2En1ED8DLs,,,,,,,1,,,,,,,
6999,6999,8NYX8bVvPiQ,NIKON CORPORATION,NIKON Df,100.0,,,1/250,1,0.0,0.0,,,1.0,,
7022,7022,dCpc8-VH4F4,,,,,,,1,,,,,,,
7031,7031,CaZ5FoxvZGE,,,,,,,1,,,,,,,
7033,7033,IcOn1qzoTHE,,,,,,,1,,,,,,,
7050,7050,A5sVh4KbR88,,,,,,,1,,,,,,,
7061,7061,a0dGKKDQUQ8,,,,,,,1,,,,,,,
7085,7085,eLg61SidxVw,,,,,,,1,,,,,,,
7121,7121,Y99wn2CFqrA,SONY,ILCE-6300,100.0,,,1/250,1,0.0,0.0,,,1.0,,
7131,7131,VnHGhoPXzD8,,,,,,,1,,,,,,,
7164,7164,eBFRulHduHM,,,,,,,1,,,,,,,
7170,7170,fqtRYoRGDb0,,,,,,,1,,,,,,,
7185,7185,KmrRRPtestE,,,,,,,1,,,,,,,
7212,7212,z0l-3cWpKto,,,,,,,1,,,,,,,
7232,7232,xP-a1dyLhaU,,,,,,,1,,,,,,,
7236,7236,r5gRcdGeLyo,,,,,,,1,,,,,,,
7245,7245,ne7xzMgfrnY,,,,,,,1,,,,,,,
7246,7246,HegxX0qHXRg,,,,,,,1,,,,,,,
7263,7263,MJ7602o8vIc,NIKON CORPORATION,NIKON D750,250.0,,,1/3200,1,0.0,0.0,,,2.0,,
7265,7265,TNMOJYUteDU,Huawei,Nexus 6P,,,,,1,,,,,,,
7282,7282,ZkEcFuTBnSE,NIKON CORPORATION,NIKON D750,250.0,,,1/3200,1,0.0,0.0,,,2.0,,
7286,7286,dsDvFCHeg4k,Panasonic,DMC-G85,400.0,12.0,2.8,,1,0.0,0.0,0.0,0.0,,0.0,0.0
7299,7299,EazedzfaaQE,,,,,,,1,,,,,,,
7304,7304,kt3XrZA35U0,,,,,,,1,,,,,,,
7309,7309,u7-mIrhPgfo,,,,,,,1,,,,,,,
7317,7317,8pyVl0GZzQs,sony,alpha 7,,,,,1,,,,,,,
7321,7321,2qXNT7LMfpY,,,,,,,1,,,,,,,
7329,7329,P_KF_CenwK4,,,,,,,1,,,,,,,
7336,7336,NBAatAH2KYg,,,,,,,1,,,,,,,
7337,7337,X4mjwWaZ6cU,,,,,,,1,,,,,,,
7342,7342,yRIyMQFM2rA,,,,,,,1,,,,,,,
7403,7403,R0hVu1Mqo7A,Canon,Canon EOS 6D,4000.0,,,30,1,1.0,2.0,,,0.0,,
7441,7441,qayNP9ccw9E,,,,,,,1,,,,,,,
7471,7471,HjF8ex3SAu0,,,,,,,1,,,,,,,
7477,7477,NWRGycTxAgQ,OLYMPUS IMAGING CORP.,E-PL1,1600.0,,,1/30,1,1.0,1.0,,,1.0,,
7479,7479,wEeDZmRYI3o,,,,,,,1,,,,,,,
7491,7491,Lo1tiR0w-9A,NIKON CORPORATION,NIKON D810,64.0,,,1/160,1,0.0,0.0,,,1.0,,
7521,7521,yZrn66TS5Uw,,,,,,,1,,,,,,,
7562,7562,jh3ImbLsq7U,,,,,,,1,,,,,,,
7596,7596,0Hr2m3V_w1Q,Nikon,D5500,,,,,1,,,,,,,
7616,7616,SeoRKuVNzRk,,,,,,,1,,,,,,,
7619,7619,lfNjeweCXJQ,,,,,,,1,,,,,,,
7634,7634,3HlgJNdnD7I,,,,,,,1,,,,,,,
7637,7637,VkF8pVVoFg0,,,,,,,1,,,,,,,
7643,7643,xlAmGyZE7Zg,,,,,,,1,,,,,,,
7648,7648,dEepAJ_86dM,NIKON CORPORATION,NIKON D5200,100.0,,,1/1250,1,0.0,0.0,,,2.0,,
7657,7657,2mSzfaseWvg,,,,,,,1,,,,,,,
7661,7661,QdiFXri4Doo,,,,,,,1,,,,,,,
7670,7670,hdUAn6byEZE,,,,,,,1,,,,,,,
7671,7671,gqyrFZmeMJ4,,,,,,,1,,,,,,,
7675,7675,fUbtdL_adv0,,,,,,,1,,,,,,,
7679,7679,wKXu09HY3yM,,,,,,,1,,,,,,,
7681,7681,PfxjrYOd3pc,,,,,,,1,,,,,,,
7682,7682,qtpQ5iLzcJg,SONY,NEX-5N,100.0,,,,1,0.0,0.0,,,,,
7685,7685,MdFBcEMBytc,,,,,,,1,,,,,,,
7702,7702,VNseEaTt9w4,,,,,,,1,,,,,,,
7708,7708,4cVpr0314-0,,,,,,,1,,,,,,,
7717,7717,H-Fvcu6TfJo,,,,,,,1,,,,,,,
7720,7720,vw5J6xCD4sc,,,,,,,1,,,,,,,
7726,7726,sGAt9OuuWxg,,,,,,,1,,,,,,,
7738,7738,Yhkiy-vVo2w,,,,,,,1,,,,,,,
7748,7748,7q9L5nxbz78,,,,,,,1,,,,,,,
7753,7753,PXRB2ZsCE7E,,,,,,,1,,,,,,,
7756,7756,ShULt87xZZY,,,,,,,1,,,,,,,
7759,7759,d09xF10vMgw,,,,,,,1,,,,,,,
7771,7771,qtsajsuU7tc,,,,,,,1,,,,,,,
7777,7777,On2OKC3o5Nk,,,,,,,1,,,,,,,
7779,7779,UMJUr3st0AE,SONY,ILCE-6000,,,,,1,,,,,,,
7781,7781,5q4g9LZclFY,,,,,,,1,,,,,,,
7792,7792,geo7JjwI1nY,,,,,,,1,,,,,,,
7797,7797,QWXMd3DUFW8,Canon,Canon EOS 5DS,100.0,,,1/125,1,0.0,0.0,,,1.0,,
7807,7807,sK1hW5knKkw,,,,,,,1,,,,,,,
7819,7819,QSNaubavFFo,,,,,,,1,,,,,,,
7824,7824,UNkghz6PYtA,,,,,,,1,,,,,,,
7829,7829,9cEEwoZqOQ0,,,,,,,1,,,,,,,
7834,7834,VOHg6WZeSJ8,,,,,,,1,,,,,,,
7843,7843,Epxdkobgf5Q,,,,,,,1,,,,,,,
7851,7851,KrJ03A1r8Qo,,,,,,,1,,,,,,,
7852,7852,v6_-VU_Xa7M,,,,,,,1,,,,,,,
7854,7854,K2RH1QZdLF4,,,,,,,1,,,,,,,
7860,7860,evrHojTLBKE,,,,,,,1,,,,,,,
7876,7876,X5n1N4PVXRo,,,,,,,1,,,,,,,
7878,7878,W7DFo4VQMQs,,,,,,,1,,,,,,,
7879,7879,WHrwb43vH9E,,,,,,,1,,,,,,,
7880,7880,ijbFF9hOvho,,,,,,,1,,,,,,,
7887,7887,jj2ab1xIxrg,,,,,,,1,,,,,,,
7895,7895,xUEVkOOxF_U,,,,,,,1,,,,,,,
7922,7922,PHdLDymaV90,"FUJI PHOTO FILM CO., LTD.",SP-3000,,,,,1,,,,,,,
7928,7928,IK07OmXSnmU,,,,,,,1,,,,,,,
7935,7935,ea1lxNLhywA,,,,,,,1,,,,,,,
7942,7942,7B0D1zO3PoQ,NIKON CORPORATION,NIKON D3200,,,,,1,,,,,,,
7944,7944,5Mh8iz9vqpY,,,,,,,1,,,,,,,
7945,7945,wlgbfvhJprY,DJI,FC300C,,3.6,2.8,1/1200,1,,,0.0,0.0,2.0,0.0,0.0
7946,7946,cLPrRH4TOe8,,,,,,,1,,,,,,,
7983,7983,HVxdUZI_gr4,,,,,,,1,,,,,,,
7992,7992,5aVf-VQEDjM,,,,,,,1,,,,,,,
7995,7995,vXXkgpnIMBk,,,,,,,1,,,,,,,
8001,8001,dp1xHhVu2bg,,,,,,,1,,,,,,,
8006,8006,wsi_O-S6K5k,Canon,500D,800.0,200.0,4.0,,1,1.0,1.0,1.0,1.0,,1.0,2.0
8013,8013,8MkhmeT4Orw,FUJIFILM,X-T20,400.0,50.0,,1/110,1,0.0,0.0,,,1.0,0.0,1.0
8025,8025,fESZmHs8xBo,FUJIFILM,X100F,1200.0,,,,1,1.0,1.0,,,,,
8033,8033,BVS5gwJDoH0,,,,,,,1,,,,,,,
8035,8035,li50NYYCezw,FUJIFILM,X-T1,200.0,35.0,,1/500,1,0.0,0.0,,,2.0,0.0,0.0
8095,8095,g8fOuamwe-w,NIKON CORPORATION,NIKON D810,500.0,,,1/2000,1,1.0,1.0,,,2.0,,
8104,8104,VkgypbblNJc,,,,,,,1,,,,,,,
8105,8105,xh9-PSL2jFY,,,,,,,1,,,,,,,
8118,8118,J83X8_A52PE,,,,,,,1,,,,,,,
8121,8121,lKFR8Ho3jYw,Canon,Canon EOS 600D,400.0,21.0,3.5,,1,0.0,0.0,0.0,1.0,,0.0,0.0
8126,8126,ROuONKrWRCk,,,,,,,1,,,,,,,
8138,8138,E1wkuQSSNTM,Nikon ,D5600,,,,,1,,,,,,,
8140,8140,iyg1Otnket8,,,,,,,1,,,,,,,
8151,8151,zeuU9P1ta4k,,,,,,,1,,,,,,,
8156,8156,QF8qP_pWMvs,,,,,,,1,,,,,,,
8175,8175,T3H-AdF-m9U,Nikon,D750,,50.0,1.8,,1,,,0.0,0.0,,0.0,1.0
8196,8196,VaH2X8eHKVg,Leica Camera AG,LEICA M10,100.0,35.0,,1/750,1,0.0,0.0,,,2.0,0.0,0.0
8216,8216,gdum8mPI39I,SONY,ILCE-7S,2000.0,,,15,1,1.0,2.0,,,0.0,,
8222,8222,ASkvikSsJhg,Nikon,FM3A,100.0,,,,1,0.0,0.0,,,,,
8231,8231,x0LO6VmZxvc,,,,,,,1,,,,,,,
8286,8286,9R5FnAn5tYM,,,,,,,1,,,,,,,
8287,8287,eIu82mzf4EA,,,,,,,1,,,,,,,
8294,8294,OGXB-HNAReI,Nikon,FE2,,,,,1,,,,,,,
8305,8305,Z5TT5EJSB6s,,,,,,,1,,,,,,,
8309,8309,npxX8FDHYAM,,,,,,,1,,,,,,,
8313,8313,Gn4BmH2J24s,,,,,,,1,,,,,,,
8323,8323,pNienTMq-Zo,,,,,,,1,,,,,,,
8338,8338,TqupGKYflDo,,,,,,,1,,,,,,,
8349,8349,-nVrF2DL2Jo,,,,,,,1,,,,,,,
8350,8350,snmtni2z6Qw,,,,,,,1,,,,,,,
8372,8372,yKDsfZYpH3w,,,,,,,1,,,,,,,
8386,8386,_gsIKZhbDSk,,,,,,,1,,,,,,,
8387,8387,Rzfb1XGOBVw,,,,,,,1,,,,,,,
8423,8423,_RCrSFnVbo4,,,,,,,1,,,,,,,
8430,8430,o6k0ZH1eOwg,Hasselblad,L1D-20c,,,,,1,,,,,,,
8452,8452,2gNx4aKQYvY,,,,,,,1,,,,,,,
8484,8484,EDkxX7QqYOI,SONY,ILCE-6300,640.0,,,15,1,1.0,1.0,,,0.0,,
8518,8518,pDryt9hWjs4,Canon,AE1,,50.0,,,1,,,,,,0.0,1.0
8546,8546,-QTa5xYxDCs,,,,,,,1,,,,,,,
8549,8549,fDzv7plYs9U,SONY,,,35.0,2.8,,1,,,0.0,0.0,,0.0,0.0
8572,8572,o_TuTGtVHWw,Sony,ILCE-7M3,,35.0,1.4,,1,,,0.0,0.0,,0.0,0.0
8575,8575,kCYUVfuaJtc,,,,,,,1,,,,,,,
8579,8579,LTqfkHT2ImY,,,,,,,1,,,,,,,
8588,8588,8ZDzy80c8K4,"FUJI PHOTO FILM CO., LTD.",SP-3000,,,,,1,,,,,,,
8590,8590,HWvl3soFWxU,,,,,,,1,,,,,,,
8611,8611,HqlzUBCjva8,,,,,,,1,,,,,,,
8612,8612,2LG10PhcU44,,,,,,,1,,,,,,,
8628,8628,iRaeBSeh4uQ,Contax T2,Contax T2,,,,,1,,,,,,,
8630,8630,Ur7KIuz9Jds,SONY,ILCE-7RM2,1250.0,,,30,1,1.0,1.0,,,0.0,,
8643,8643,_OP_WNPIet4,,Canon A-1,200.0,,,,1,0.0,0.0,,,,,
8651,8651,o4Tc9wRMVVM,,,,,,,1,,,,,,,
8669,8669,D7AB6RNJF_o,,,,,,,1,,,,,,,
8676,8676,hZHeyP0m8CE,,,,,,,1,,,,,,,
8693,8693,3nsb8yvAhvs,,,,,,,1,,,,,,,
8696,8696,vfVQ4SRhcxA,,,,,,,1,,,,,,,
8705,8705,QUR0SuBeFIU,ZWO,ASI294MC-Pro,,952.0,7.5,,1,,,1.0,2.0,,1.0,2.0
8720,8720,P8gh-GR0dDs,ZWO,ASI294MC-Pro,,952.0,7.5,,1,,,1.0,2.0,,1.0,2.0
8721,8721,CfC_yaB7Fkg,SONY,ILCE-7RM2,100.0,,,1/200,1,0.0,0.0,,,1.0,,
8744,8744,xJonEbiIYVs,SONY,ILCE-7R,3200.0,,,15,1,1.0,2.0,,,0.0,,
8753,8753,lHAFrBxmeTg,,,,,,,1,,,,,,,
8776,8776,3VouXTpYrEc,,,,,,,1,,,,,,,
8780,8780,tXLAZCI6jk0,,,,,,,1,,,,,,,
8806,8806,_Ht9Gs3MZck,,,,,,,1,,,,,,,
8816,8816,CVDacuttBHk,,,,,,,1,,,,,,,
8823,8823,VylXOtFALIc,NORITSU KOKI,QSS-32_33,,,,,1,,,,,,,
8828,8828,KeXUgG0e9dc,,,,,,,1,,,,,,,
8836,8836,ItQVLo6zlDw,,,,,,,1,,,,,,,
8857,8857,_fDxl6pcKKQ,,,,,,,1,,,,,,,
8860,8860,8GgFmNjh95E,,,,,,,1,,,,,,,
8864,8864,fOym39PkhL8,,,,,,,1,,,,,,,
8909,8909,P_fMqU34A3I,,,,,,,1,,,,,,,
8993,8993,hvuLPoMM19I,,,,,,,1,,,,,,,
9047,9047,eOcwZNp3LLo,Sony,a7iii,,16.0,,,1,,,,,,0.0,0.0
9051,9051,SkChzNKdJM8,,,,,,,1,,,,,,,
9061,9061,IPXcUYHeErc,,,,,,,1,,,,,,,
9062,9062,NnZ5j1Tzmj0,,,,,,,1,,,,,,,
9066,9066,0fh58lD8AuI,,,,,,,1,,,,,,,
9071,9071,pCYlHZAXfMI,,,,,,,1,,,,,,,
9075,9075,s6DfC0HzoNw,,,,,,,1,,,,,,,
9084,9084,QCXROs6U1Co,,,,,,,1,,,,,,,
9092,9092,E8dA0dre0VA,,,,,,,1,,,,,,,
9095,9095,oUMjZliHG2Y,,,,,,,1,,,,,,,
9107,9107,V2xGAzJ750Y,DJI,FC7203,,4.5,2.8,1/80,1,,,0.0,0.0,1.0,0.0,0.0
9113,9113,CHFAxa0dIEQ,,,,,,,1,,,,,,,
9135,9135,NVsckQccpbc,NORITSU KOKI,EZ Controller,,,,,1,,,,,,,
9212,9212,bPklSAub3J8,,,,,,,1,,,,,,,
9221,9221,vgIvvaQU8Lw,,,,,,,1,,,,,,,
9222,9222,BNuB578HYto,Sony,A7RIV,,85.0,1.8,,1,,,0.0,0.0,,0.0,1.0
9225,9225,PhaTJPdtaCU,,,,,,,1,,,,,,,
9237,9237,DVauUHIJby0,,,,,,,1,,,,,,,
9239,9239,VpTGCK6zsp4,,,,,,,1,,,,,,,
9252,9252,qFektgEhQlE,,,,,,,1,,,,,,,
9253,9253,RZgumehZWs4,,,,,,,1,,,,,,,
9262,9262,2CAT4lAoJKM,,,,,,,1,,,,,,,
9268,9268,TpjJ7ZtCqoM,,,,,,,1,,,,,,,
9282,9282,nOPshvHfM_o,,,,,,,1,,,,,,,
9287,9287,pGSK0zMuLdE,,,,,,,1,,,,,,,
9298,9298,__to2Tyrsoo,,,,,,,1,,,,,,,
9304,9304,tMYDgAySy9w,,,,,,,1,,,,,,,
9344,9344,CyDB0XYJ7sg,,,,,,,1,,,,,,,
9385,9385,y4RbZW7vHIk,,,,,,,1,,,,,,,
9388,9388,_2d__opfZFM,,,,,,,1,,,,,,,
9410,9410,OUc_2livCw0,,,,,,,1,,,,,,,
9415,9415,LHm2nLdtC9g,,,,,,,1,,,,,,,
9427,9427,Aae5ozmFb_s,Sony,a6000,,30.0,1.4,,1,,,0.0,0.0,,0.0,0.0
9428,9428,A82peC1wTKc,,,,,,,1,,,,,,,
9436,9436,Dzn4LwubNwM,,,,,,,1,,,,,,,
9443,9443,QdTW8_SAK00,,,,,,,1,,,,,,,
9444,9444,fnDhmSpeRf4,,,,,,,1,,,,,,,
9468,9468,ZUSyn7L6o68,,,,,,,1,,,,,,,
9469,9469,_itkYVtDh8w,ZWO,183MC,,400.0,2.0,120,1,,,0.0,0.0,0.0,1.0,2.0
9474,9474,rhHr3O3G0ZE,,,,,,,1,,,,,,,
9477,9477,DZgTjbgjUJ4,,,,,,,1,,,,,,,
9499,9499,EYKmYS7XSkk,,,,,,,1,,,,,,,
9509,9509,ASXtbG1JB58,,,,,,,1,,,,,,,
9519,9519,VEGLoNZv-tg,,,,,,,1,,,,,,,
9533,9533,n1h2HQI-58Y,,,,,,,1,,,,,,,
9534,9534,Mo4jlwGV2Lo,NORITSU KOKI,QSS-32_33,,,,,1,,,,,,,
9568,9568,sdaA1-lQ2ac,,,,,,,1,,,,,,,
9579,9579,uvc7kk_t9tk,NORITSU KOKI,EZ Controller,,,,,1,,,,,,,
9581,9581,NpF9JLGYfeQ,,,,,,,1,,,,,,,
9599,9599,NKHrW_539Vs,,,,,,,1,,,,,,,
9603,9603,auoYdAlSyvU,,,,,,,1,,,,,,,
9616,9616,D4Blldtly00,,,,,,,1,,,,,,,
9629,9629,5908B5MBHWI,,,,,,,1,,,,,,,
9673,9673,erTjj730fMk,,,,,,,1,,,,,,,
9684,9684,trvELSvNZoY,Canon,Canon EOS 7D,640.0,50.0,,30,1,1.0,1.0,,,0.0,0.0,1.0
9685,9685,YOQDokJipFg,,,,,,,1,,,,,,,
9687,9687,vvsdTa3If0s,,,,,,,1,,,,,,,
9688,9688,JabLtzJl8bc,,,,,,,1,,,,,,,
9691,9691,UsWjYe1FdlU,,,,,,,1,,,,,,,
9694,9694,FHLaO89M3PE,,,,,,,1,,,,,,,
9699,9699,-6-uqd2hMCg,,,,,,,1,,,,,,,
9702,9702,Jw20jcOHRII,,,,,,,1,,,,,,,
9707,9707,1fUu0dratoM,SONY,NEX-5N,100.0,,,,1,0.0,0.0,,,,,
9711,9711,KC1Er7PQv0s,,,,,,,1,,,,,,,
9718,9718,v15iOM6pWgI,,,,,,,1,,,,,,,
9722,9722,f1LdoLwJuKY,,,,,,,1,,,,,,,
9736,9736,5dXZJ-2ubMk,,,,,,,1,,,,,,,
9741,9741,OAZ7JXKP_WI,NIKON CORPORATION,NIKON D70,,70.0,4.5,1/1600,1,,,1.0,1.0,2.0,0.0,1.0
9742,9742,35onhFFHSWk,,,,,,,1,,,,,,,
9751,9751,lWAOc0UuJ-A,,,,,,,1,,,,,,,
9774,9774,khqkxdDvs-M,,,,,,,1,,,,,,,
9786,9786,_L0CJd4gr_4,"FUJI PHOTO FILM CO., LTD.",SP-3000,,,,,1,,,,,,,
9788,9788,8Dyeu13DmwI,,,,,,,1,,,,,,,
9803,9803,LTtgPUZ-cTo,,,,,,,1,,,,,,,
9808,9808,L7GdRgzKqpM,,,,,,,1,,,,,,,
9827,9827,UsYOap7yIMg,,,,,,,1,,,,,,,
9889,9889,EszQhMd_sBo,,,,,,,1,,,,,,,
9891,9891,k8FEZZCgrlU,,,,,,,1,,,,,,,
9908,9908,A0iTJUhK4es,Nikon,D7100,,,,,1,,,,,,,
9910,9910,YmJr6sJJDSw,Nikon,D7500,800.0,360.0,,180,1,1.0,1.0,,,0.0,1.0,2.0
9914,9914,niNbuXzc92A,SONY,ILCE-6000,,16.0,3.5,,1,,,0.0,1.0,,0.0,0.0
9920,9920,ZdZVJYRSypI,,,,,,,1,,,,,,,
9921,9921,F4dGVi1g8rQ,Canon,Canon EOS 5D Mark II,100.0,50.0,,1/400,1,0.0,0.0,,,2.0,0.0,1.0
9933,9933,FqR4cKMdojI,,,,,,,1,,,,,,,
9942,9942,OwbUG4UrWm0,Nikon,D7500,800.0,360.0,,120,1,1.0,1.0,,,0.0,1.0,2.0
9986,9986,JngmAoMyCNg,,,,,,,1,,,,,,,
9988,9988,6ST6S6i9IGM,NIKON CORPORATION,NIKON D800,,,,,1,,,,,,,
10019,10019,0l4R1F3bFxA,Canon,Canon EOS 500D,200.0,,,1/500,1,0.0,0.0,,,2.0,,
10033,10033,JZCJotPa96c,,,,,,,1,,,,,,,
10052,10052,G6rK1n9WJ78,,,,,,,1,,,,,,,
10075,10075,j2CNMJvdHR8,,,,,,,1,,,,,,,
10111,10111,WaX1Wg160h4,,,,,,,1,,,,,,,
10113,10113,ghkvlAcf2OE,NORITSU KOKI,QSS-32_33,,,,,1,,,,,,,
10119,10119,GKY4WDO3QgY,,,,,,,1,,,,,,,
10143,10143,n99TDa5RwjQ,Leica Camera AG,M8 Digital Camera,160.0,0.0,,1/500,1,0.0,0.0,,,2.0,,
10144,10144,RdHofP9xhmc,"FUJI PHOTO FILM CO., LTD.",SP-3000,,,,,1,,,,,,,
10147,10147,Ngx7SkuJnUU,Canon,Canon EOS M50,,22.0,2.0,1/500,1,,,0.0,0.0,2.0,0.0,0.0
10150,10150,OdV2VNKctrw,,,,,,,1,,,,,,,
10171,10171,7jXA55Tl4xU,,,,,,,1,,,,,,,
10177,10177,5Mmy6kg0yxI,sony,,,,,,1,,,,,,,
10226,10226,AgfD0XDbrNE,,,,,,,1,,,,,,,
10246,10246,SV3V-D1G2q4,,,,,,,1,,,,,,,
10254,10254,o_EQI_kuz-A,FujiFilm,X-T10,,,,,1,,,,,,,
10265,10265,xUpbmUINv9o,,,,,,,1,,,,,,,
10271,10271,1CQjStL89kQ,Nikon,NIKON D7100,,,,,1,,,,,,,
10276,10276,acIbtWEr9n8,NIKON CORPORATION,NIKON D5200,250.0,,,1/1000,1,0.0,0.0,,,2.0,,
10285,10285,B2e7_Q8Tixw,SONY,ILCE-6300,500.0,43.0,4.0,,1,1.0,1.0,1.0,1.0,,0.0,1.0
10290,10290,NUOlhRbZdps,Canon,Canon EOS 1000D,200.0,,,1/200,1,0.0,0.0,,,1.0,,
10304,10304,rqsUgNhjcWs,FUJIFILM,X100F,,,,,1,,,,,,,
10331,10331,rDhkof2va6s,,,,,,,1,,,,,,,
10354,10354,epC_9-DibEI,Canon,Canon EOS 70D,,,,,1,,,,,,,
10399,10399,TNc2dcQ2HXI,SONY,ILCE-7SM2,2500.0,,,1/60,1,1.0,2.0,,,1.0,,
10414,10414,7EMoLD_SUfs,NIKON CORPORATION,NIKON D7000,100.0,35.0,,1/1600,1,0.0,0.0,,,2.0,0.0,0.0
10417,10417,hSqDoHuNqsU,Canon,Canon EOS 550D,100.0,,,1/2500,1,0.0,0.0,,,2.0,,
10418,10418,p9BRX1mBfe4,,,,,,,1,,,,,,,
10419,10419,PYbFkzi-fI0,"FUJI PHOTO FILM CO., LTD.",SP-3000,,,,,1,,,,,,,
10429,10429,_hVSg97JM14,,,,,,,1,,,,,,,
10467,10467,PhvC7uvSdLE,,,,,,,1,,,,,,,
10498,10498,u1qU1sVkF6w,,,,,,,1,,,,,,,
10513,10513,zXQbf1pyZpo,Canon,Canon EOS DIGITAL REBEL XSi,400.0,,,1/800,1,0.0,0.0,,,2.0,,
10516,10516,Yq52YU-GrbE,Panasonic,DMC-G7,200.0,,,1/80,1,0.0,0.0,,,1.0,,
10548,10548,jxltRrbjtdI,,,,,,,1,,,,,,,
10550,10550,1jy4PhuaJPw,,,,,,,1,,,,,,,
10602,10602,VmXDJWUPnhY,Canon ,EOS 70D,,,1.2,,1,,,0.0,0.0,,,
10609,10609,AHZYMblRprc,,,,,,,1,,,,,,,
10624,10624,MdSMlzVyCKM,,,,,,,1,,,,,,,
10636,10636,OexzguutAxg,DJI,FC1102,100.0,,2.6,1/120,1,0.0,0.0,0.0,0.0,1.0,,
10652,10652,_P-O42qV68I,,,,,,,1,,,,,,,
10656,10656,neBHai7g9vc,,,,,,,1,,,,,,,
10662,10662,n1ywNDmguNM,SONY,ILCE-7M2,320.0,,,1/320,1,0.0,0.0,,,2.0,,
10671,10671,ZDAUsoNPSTc,Canon,EOS 300D,400.0,600.0,7.5,,1,0.0,0.0,1.0,2.0,,1.0,2.0
10678,10678,oQA0P8_6XT0,Leica Camera AG,LEICA M (Typ 240),200.0,,4.0,1/60,1,0.0,0.0,1.0,1.0,1.0,,
10690,10690,V9mRmcZjToI,,,,,,,1,,,,,,,
10692,10692,d2_eDIBhJIg,,,,,,,1,,,,,,,
10693,10693,a1kfCcEy40Y,Canon ,EOS 300D,400.0,600.0,7.5,,1,0.0,0.0,1.0,2.0,,1.0,2.0
10723,10723,BznmBQVqWmo,,,,,,,1,,,,,,,
10724,10724,SAQpfOzWGBs,NORITSU KOKI,QSS-32_33,,,,,1,,,,,,,
10779,10779,6-eI--kMxps,,,,,,,1,,,,,,,
10809,10809,gn_nY1uptlg,Canon,Canon EOS 5D Mark III,50.0,35.0,,1/160,1,0.0,0.0,,,1.0,0.0,0.0
10826,10826,OInEBQ_vqgY,,,,,,,1,,,,,,,
10884,10884,XSQL_SxIOHI,,,,,,,1,,,,,,,
10893,10893,qUVov_XcAc0,,,,,,,1,,,,,,,
10894,10894,PUKCK3--Goc,Canon,Canon EOS RP,100.0,,,1/100,1,0.0,0.0,,,1.0,,
10896,10896,A6mji45ETd4,,,,,,,1,,,,,,,
10898,10898,Fj6cZHXI7iU,,,,,,,1,,,,,,,
10928,10928,yarUxs__Kts,,,,,,,1,,,,,,,
10936,10936,sQVXYkOVc18,,,,,,,1,,,,,,,
10940,10940,uN_vZ9iaSrM,SONY,NEX-5,800.0,,1.0,30,1,1.0,1.0,0.0,0.0,0.0,,
10949,10949,64A5V_COq2M,,,,,,,1,,,,,,,
10969,10969,QBM2Mk3h8TA,,,,,,,1,,,,,,,
10983,10983,BoAT1oGlGZk,,,,,,,1,,,,,,,
10986,10986,Vd3YXC8JPRI,,,,,,,1,,,,,,,
11009,11009,yowC9YLNl5Y,SONY,ILCE-7M2,100.0,,,1/1250,1,0.0,0.0,,,2.0,,
11030,11030,PwF1zWCCDx0,,,,,,,1,,,,,,,
11061,11061,CrMVbCX3c4c,,,,,,,1,,,,,,,
11071,11071,azCkjd7malU,,,,,,,1,,,,,,,
11073,11073,lHGo_0fwuww,NORITSU KOKI,EZ Controller,,,,,1,,,,,,,
11077,11077,V75kyaXjlXs,,,,,,,1,,,,,,,
11092,11092,sW8QZ0SJyeM,,,,,,,1,,,,,,,
11116,11116,zbIlxgjOKb4,Sony,A7R3,200.0,,8.0,,1,0.0,0.0,1.0,2.0,,,
11122,11122,BkzyM1PAyDw,,,,,,,1,,,,,,,
11144,11144,hftf53GSC-A,,,,,,,1,,,,,,,
11177,11177,Puo697EQZGU,SONY,ILCE-6300,100.0,,,1/500,1,0.0,0.0,,,2.0,,
11180,11180,JcYnmOyv07Q,NORITSU KOKI,EZ Controller,,,,,1,,,,,,,
11188,11188,smc7o-dNYNI,,,,,,,1,,,,,,,
11192,11192,H7nMkBMgcNw,,,,,,,1,,,,,,,
11284,11284,zJx8iZVRHnY,,,,,,,1,,,,,,,
11295,11295,VL0gfZlSYT0,,,,,,,1,,,,,,,
11310,11310,5WMkrgjCzFo,,,,,,,1,,,,,,,
11323,11323,-2loC3xzDF8,SONY,ILCE-7RM2,400.0,,,30/0,1,0.0,0.0,,,1.0,,
11333,11333,jiLIdo3tulg,Apple,iPhone,,,,,1,,,,,,,
11340,11340,YnfGtpt2gf4,,,,,,,1,,,,,,,
11343,11343,llYg8Ni43fc,,,,,,,1,,,,,,,
11349,11349,Ez5V2THOpDo,,,,,,,1,,,,,,,
11350,11350,EuSngguD40I,,,,,,,1,,,,,,,
11359,11359,WV6Fg2Tlbk0,,,,,,,1,,,,,,,
11363,11363,x_jTtMOOMd4,,,,,,,1,,,,,,,
11365,11365,YvYBOSiBJE8,,,,,,,1,,,,,,,
11370,11370,cuaxqIA_pk0,,,,,,,1,,,,,,,
11375,11375,XeCvtUX-AE0,,,,,,,1,,,,,,,
11377,11377,qj3PI0aDWks,Canon,Canon EOS 6D,100.0,,,1/200,1,0.0,0.0,,,1.0,,
11381,11381,Volo9FYUAzU,,,,,,,1,,,,,,,
11383,11383,jrzvClypPq8,,,,,,,1,,,,,,,
11387,11387,V8yZ7Oa9fZE,,,,,,,1,,,,,,,
11388,11388,vT01Ptkjw1s,NIKON CORPORATION,NIKON D5200,100.0,,,1/1250,1,0.0,0.0,,,2.0,,
11393,11393,-So60UAgCtU,,,,,,,1,,,,,,,
11395,11395,5XjNhm3hz7U,Canon,Canon EOS 7D,160.0,50.0,,1/60,1,0.0,0.0,,,1.0,0.0,1.0
11398,11398,QtYMfcbdl8k,Apple,iPhone 5s,,,,,1,,,,,,,
11399,11399,NUMlxTPsznM,,,,,,,1,,,,,,,
11402,11402,ZDNr5nuZABg,,,,,,,1,,,,,,,
11412,11412,o8IfF0RUTTs,,,,,,,1,,,,,,,
11414,11414,JXkCLZhhRJg,,,,,,,1,,,,,,,
11424,11424,Lq019pp20uA,,,,,,,1,,,,,,,
11425,11425,vmvlzJz1lHg,,,,,,,1,,,,,,,
11426,11426,_mgfuATaQnk,Canon,Canon EOS 70D,640.0,,,1/80,1,1.0,1.0,,,1.0,,
11428,11428,auXdimpx7K8,Canon,Canon EOS REBEL T3,100.0,50.0,,1/400,1,0.0,0.0,,,2.0,0.0,1.0
11429,11429,lJB94bk-ePI,,,,,,,1,,,,,,,
11430,11430,l6HWvxFBwdU,,,,,,,1,,,,,,,
11431,11431,6C--rfOEwCI,,,,,,,1,,,,,,,
11435,11435,l61smgU3Y7w,GoPro,HERO4 Silver,100.0,,2.8,1/1500,1,0.0,0.0,0.0,0.0,2.0,,
11437,11437,xNZHQn6lyLk,Canon,Canon EOS REBEL T3,,,,,1,,,,,,,
11445,11445,lT8TicEZ7GQ,,,,,,,1,,,,,,,
11449,11449,bMHRz70Tcjg,Canon,Canon EOS 6D,200.0,,,1/2500,1,0.0,0.0,,,2.0,,
11456,11456,cvfv_hxr0-M,,,,,,,1,,,,,,,
11463,11463,GCTlIsw58Wk,,,,,,,1,,,,,,,
11475,11475,FCPJn1NeFdI,,,,,,,1,,,,,,,
11492,11492,OLKq8fbYIfM,OLYMPUS IMAGING CORP.,E-M10,200.0,0.0,,1/160,1,0.0,0.0,,,1.0,,
11497,11497,zqaTy6eJ7Ms,,,,,,,1,,,,,,,
11498,11498,X3jymZ1oJ2E,,,,,,,1,,,,,,,
11519,11519,V5UhLXxb9tM,,,,,,,1,,,,,,,
11538,11538,D1kyroHEwBM,,,,,,,1,,,,,,,
11548,11548,XnvLe0u9iM8,,,,,,,1,,,,,,,
11559,11559,uGT_K29PAjE,Canon,Canon EOS 20D,100.0,18.0,5.6,,1,0.0,0.0,1.0,1.0,,0.0,0.0
11562,11562,P2BpJVAWxko,,,,,,,1,,,,,,,
11572,11572,QGk63wprbpY,,,,,,,1,,,,,,,
11573,11573,VPKGUt4s0iI,,,,,,,1,,,,,,,
11579,11579,Jg-g4SM3jx0,,,,,,,1,,,,,,,
11581,11581,R9U2BwJodI4,,,,,,,1,,,,,,,
11591,11591,8tem2WpFPhM,,,,,,,1,,,,,,,
11592,11592,2_3g53wNQk8,,,,,,,1,,,,,,,
11607,11607,g18mC7IHXcE,SONY,ILCE-7,100.0,,,1/250,1,0.0,0.0,,,1.0,,
11636,11636,Fj1YrTXNodk,,,,,,,1,,,,,,,
11640,11640,FVOkPmiCzAM,,,,,,,1,,,,,,,
11642,11642,bkquuNd2QRI,,,,,,,1,,,,,,,
11645,11645,u3h94-naVHU,,,,,,,1,,,,,,,
11646,11646,NNpyT27Sd-E,,,,,,,1,,,,,,,
11648,11648,RIQmx5x5sqI,,,,,,,1,,,,,,,
11680,11680,24mYUFbeHto,,,,,,,1,,,,,,,
11682,11682,LN_g3qA8ohg,,,,,,,1,,,,,,,
11685,11685,lCH1SP-DT-A,,,,,,,1,,,,,,,
11697,11697,RzTH654pB7U,SONY,ILCE-7,100.0,,,1/320,1,0.0,0.0,,,2.0,,
11700,11700,ovm_b91yEgY,,,,,,,1,,,,,,,
11705,11705,WnKsMwZrt40,,,,,,,1,,,,,,,
11713,11713,twC0altIuuc,,,,,,,1,,,,,,,
11714,11714,TeK4hLivmBQ,,,,,,,1,,,,,,,
11722,11722,oJieg2n8duk,,,,,,,1,,,,,,,
11723,11723,E4944K_4SvI,,,,,,,1,,,,,,,
11756,11756,PyBqsLsohOI,,,,,,,1,,,,,,,
11762,11762,F7Sive0fwIg,,,,,,,1,,,,,,,
11766,11766,9erhhb8WwqI,,,,,,,1,,,,,,,
11774,11774,oI3Vb4Q_Nl0,,,,,,,1,,,,,,,
11780,11780,OsyU_2QtwZE,,,,,,,1,,,,,,,
11781,11781,waH_JQZhC_g,,,,,,,1,,,,,,,
11783,11783,ybw0y8C6clo,,,,,,,1,,,,,,,
11800,11800,MDw8m0JAwDI,,,,,,,1,,,,,,,
11821,11821,XYeRx4q_zCw,,,,,,,1,,,,,,,
11836,11836,pB-IJfg8jb8,,,,,,,1,,,,,,,
11845,11845,xaZSE0h7yIY,,,,,,,1,,,,,,,
11850,11850,upXoQv5GAr8,NIKON ,,,,,,1,,,,,,,
11851,11851,6ZhpkC8r32c,Canon,Canon EOS Rebel T6s,100.0,,,1/4000,1,0.0,0.0,,,2.0,,
11859,11859,snzfWXW6zOY,,,,,,,1,,,,,,,
11860,11860,R5uIfpzGkRI,NIKON ,,,,,,1,,,,,,,
11863,11863,l3r5Et4YhIs,,,,,,,1,,,,,,,
11879,11879,s_Pj_4M-81s,,,,,,,1,,,,,,,
11886,11886,-wEFdRCG4IU,SONY,ILCE-7,6400.0,,,20,1,1.0,2.0,,,0.0,,
11888,11888,hw_Kp0BvxAM,,,,,,,1,,,,,,,
11890,11890,jcfvPR-dTDk,SONY,NEX-3N,800.0,,,30,1,1.0,1.0,,,0.0,,
11912,11912,BXmrFRBinhU,,,,,,,1,,,,,,,
11918,11918,JZGuCuc5t54,,,,,,,1,,,,,,,
11926,11926,LACeUPaJySY,,,,,,,1,,,,,,,
11932,11932,m2D-AFuWV9s,Apple,iPhone,,,,,1,,,,,,,
11944,11944,GCtNrHxUvzU,,,,,,,1,,,,,,,
11954,11954,v2WBFSBeOew,Panasonic,DMC-LX7,80.0,4.7,4.5,,1,0.0,0.0,1.0,1.0,,0.0,0.0
11959,11959,aLs3W7QZZ5o,FUJIFILM,X-T1,1600.0,56.0,,30,1,1.0,1.0,,,0.0,0.0,1.0
11961,11961,2YZsQYtxKJQ,SONY,ILCE-6000,3200.0,,,1/100,1,1.0,2.0,,,1.0,,
11964,11964,VeiHRfGxTzY,SONY,ILCE-7S,2000.0,,,13,1,1.0,2.0,,,0.0,,
11968,11968,x-1rQxLUPy4,,,,,,,1,,,,,,,
11982,11982,sP-1GxfzV84,,,,,,,1,,,,,,,
12005,12005,ecXENHoZohE,,,,,,,1,,,,,,,
12011,12011,j3JAI9KXJ-c,,,,,,,1,,,,,,,
12034,12034,QgeHjNLv2rA,,,,,,,1,,,,,,,
12045,12045,FxO8KNTLQK0,,,,,,,1,,,,,,,
12047,12047,hm5PoOr5ros,,,,,,,1,,,,,,,
12063,12063,kJUxs4gzKIE,,,,,,,1,,,,,,,
12070,12070,NznxEfw9iVI,,,,,,,1,,,,,,,
12077,12077,l7Co22u9V_c,,,,,,,1,,,,,,,
12080,12080,yASysTwq-Is,,,,,,,1,,,,,,,
12081,12081,N-pFzUB8fGs,,,,,,,1,,,,,,,
12083,12083,d5PYB17O9jE,,,,,,,1,,,,,,,
12102,12102,0iOOw41DZ28,,,,,,,1,,,,,,,
12116,12116,ULo-nXncq0I,SONY,ILCE-6300,3200.0,,,0.4,1,1.0,2.0,,,0.0,,
12123,12123,YAjsL1KrbNo,Canon,Canon EOS 5D Mark II,125.0,50.0,,1/320,1,0.0,0.0,,,2.0,0.0,1.0
12126,12126,WJ6fmN1D-h0,,,,,,,1,,,,,,,
12131,12131,0QdIJgNmMdg,,,,,,,1,,,,,,,
12133,12133,SBapPARYIdQ,,,,,,,1,,,,,,,
12149,12149,mA6ZjlOmnZw,,,,,,,1,,,,,,,
12187,12187,VKu-KPjZQJA,,,,,,,1,,,,,,,
12193,12193,qGqZV5hoDJg,Canon,Canon EOS 6D,3200.0,,,30,1,1.0,2.0,,,0.0,,
12205,12205,5hqX-SmETF0,SONY,ILCE-6000,100.0,0.0,,1/25,1,0.0,0.0,,,1.0,,
12212,12212,o7gOEQ-6x_I,"FUJI PHOTO FILM CO., LTD.",SP-3000,,,,,1,,,,,,,
12223,12223,MdOyV8YumcU,,,,,,,1,,,,,,,
12238,12238,pkWkofT3rdI,NIKON CORPORATION,,,50.0,2.2,,1,,,0.0,0.0,,0.0,1.0
12251,12251,yirynEH8Y38,,,,,,,1,,,,,,,
12253,12253,WgDy0odb324,,,,,,,1,,,,,,,
12282,12282,R_mpbJ2pHc0,,,,,,,1,,,,,,,
12291,12291,YmRyuruIjbM,"FUJI PHOTO FILM CO., LTD.",SP-3000,,,,,1,,,,,,,
12306,12306,ztB6AOiu0zM,,,,,,,1,,,,,,,
12309,12309,O-aY7IJt66A,,,,,,,1,,,,,,,
12331,12331,aJSIs1bUyqU,NIKON CORPORATION,NIKON D500,,,,,1,,,,,,,
12337,12337,C5Bae2RCCJ0,,,,,,,1,,,,,,,
12351,12351,X9zfEUMrrow,Canon ,Canon eos 1300d ,100.0,50.0,1.8,,1,0.0,0.0,0.0,0.0,,0.0,1.0
12357,12357,QxxqESp1ll8,,,,,,,1,,,,,,,
12359,12359,ZT5mTdznDco,,,,,,,1,,,,,,,
12361,12361,_tfCdU7tuJ0,,,,,,,1,,,,,,,
12363,12363,8DujUEpxazE,,,,,,,1,,,,,,,
12376,12376,HWs9HTMzf6Y,,,,,,,1,,,,,,,
12380,12380,fH8lOM299ag,,,,,,,1,,,,,,,
12402,12402,X00ZafKUdBo,,,,,,,1,,,,,,,
12422,12422,yYHuMFSZ7A4,,,,,,,1,,,,,,,
12442,12442,3rabTGLccwc,,,,,,,1,,,,,,,
12463,12463,e09sDeV8Azs,,,,,,,1,,,,,,,
12464,12464,JPBHnu1lTz0,Nikon,D800,,,,,1,,,,,,,
12481,12481,rPG1Fg8UDUw,,,,,,,1,,,,,,,
12529,12529,-jXsYZeA7tQ,,,,,,,1,,,,,,,
12553,12553,lOYyakxnMu0,,,,,,,1,,,,,,,
12555,12555,Ss6456d4St8,,,,,,,1,,,,,,,
12567,12567,CapqzCpuKQ0,,,,,,,1,,,,,,,
12573,12573,Bu5D3tfhugM,Canon,EOS760D,100.0,,,,1,0.0,0.0,,,,,
12577,12577,KcH4PcbL63w,,,,,,,1,,,,,,,
12581,12581,RLlwhlh0KpM,Apple,iPhone 7 Plus,,,,,1,,,,,,,
12597,12597,lCPfh95L0nc,,,,,,,1,,,,,,,
12612,12612,U7jr4ZE7reQ,,,,4.3,2.0,1/151,1,,,0.0,0.0,1.0,0.0,0.0
12613,12613,S1CWlLK3_cI,,,,,,,1,,,,,,,
12621,12621,kZvBwNc43Mc,,,,,,,1,,,,,,,
12624,12624,iiQL6Y7wrlk,DJI,FC220,,4.7,2.2,1/2800,1,,,0.0,0.0,2.0,0.0,0.0
12673,12673,O_B1LTxHb98,,,,,,,1,,,,,,,
12676,12676,em2ytvoRgFc,"FUJI PHOTO FILM CO., LTD.",SP-3000,,,,,1,,,,,,,
12677,12677,YTB3TFbz19w,,,,,,,1,,,,,,,
12701,12701,VnxD9HBR49g,,,,,,,1,,,,,,,
12704,12704,LXw-Dg0H4is,,,,,,,1,,,,,,,
12724,12724,M95-u5d5lt4,,,,,,,1,,,,,,,
12752,12752,wdB2bCiVo08,,,,,,,1,,,,,,,
12759,12759,464wfabbCGQ,"FUJI PHOTO FILM CO., LTD.",SP-1500,,,,,1,,,,,,,
12761,12761,6s38oNTMh64,Leica,R7,800.0,,,,1,1.0,1.0,,,,,
12784,12784,5UjzX51OdF4,,,,,,,1,,,,,,,
12816,12816,nRzvUFZn9L8,SONY,ILCE-7RM2,100.0,,,1/60,1,0.0,0.0,,,1.0,,
12829,12829,zdj3p00Rep0,,,,,,,1,,,,,,,
12832,12832,ghVaKawoKS0,SONY,ILCE-7M2,400.0,,,1/200,1,0.0,0.0,,,1.0,,
12845,12845,NljTy5Y15JM,,,,,,,1,,,,,,,
12859,12859,GsdTx_G1XaQ,Olympus,DP71,,,1.3,1/27,1,,,0.0,0.0,1.0,,
12873,12873,GU2nWOhDFAY,,,,,,,1,,,,,,,
12879,12879,0fhQYNv2nzE,FUJIFILM,X-H1,,,,,1,,,,,,,
12903,12903,nVHIrkG0rPc,,,,,,,1,,,,,,,
12908,12908,bUNOr0x8BSA,,,,,,,1,,,,,,,
12914,12914,GvSLkDH7XdI,Canon,,,400.0,,1/100,1,,,,,1.0,1.0,2.0
12928,12928,7euLKyfZfEU,Epson,PerfectionV700,,,,,1,,,,,,,
12936,12936,MFbyzPYC8SU,,,,,,,1,,,,,,,
12946,12946,NfpRpUiwMbk,,,,,,,1,,,,,,,
12971,12971,zD9O1tgKwvw,Canon,Canon EOS 80D,,,,,1,,,,,,,
12976,12976,PkXHRgGSw4o,Canon,Canon EOS 7D,100.0,50.0,,1/160,1,0.0,0.0,,,1.0,0.0,1.0
12978,12978,qsYM_gFgliw,,,,,,,1,,,,,,,
12983,12983,tFBjYVy9CwQ,,,,,,,1,,,,,,,
13004,13004,7NtmX38Jr0U,,,,,,,1,,,,,,,
13013,13013,8UqLnmkX4YM,nikon,D610,,50.0,,,1,,,,,,0.0,1.0
13024,13024,g4uAI6e47v8,,,,,,,1,,,,,,,
13080,13080,ftwDuke2UgA,,,,,,,1,,,,,,,
13084,13084,x00aHcPllOo,,,,,,,1,,,,,,,
13098,13098,EWnBD3Een3I,SONY,ILCE-7M2,500.0,,,1/100,1,1.0,1.0,,,1.0,,
13102,13102,nX6QkJ5Gf9M,SONY,ILCE-7RM2,64.0,,,1/1600,1,0.0,0.0,,,2.0,,
13124,13124,w9hXuaV6gvs,Ricoh,GR II,,,,,1,,,,,,,
13128,13128,xXa4h--mrbM,,Nikon EM,,,,,1,,,,,,,
13138,13138,52M4SY5LsUA,OLYMPUS IMAGING CORP.,E-PL7,,,,1/200,1,,,,,1.0,,
13146,13146,kGtFjYdm7DI,,,,,,,1,,,,,,,
13192,13192,cLRvJPVw69U,,,,,,,1,,,,,,,
13212,13212,6ET9eBWVeCw,,,,,,,1,,,,,,,
13251,13251,HcL5DG6CHRg,Leica,M6,400.0,50.0,,,1,0.0,0.0,,,,0.0,1.0
13264,13264,q-I5OlNELvM,,,,,,,1,,,,,,,
13274,13274,xsFxnW9_KZ0,,,,,,,1,,,,,,,
13275,13275,YqBEoEaGbvg,Canon,Canon,100.0,,,1/200,1,0.0,0.0,,,1.0,,
13280,13280,NR_tXTuyTak,SONY,ILCE-7SM2,100.0,,,1/100,1,0.0,0.0,,,1.0,,
13289,13289,lfxIZmSOHlg,,,,,,,1,,,,,,,
13295,13295,nwVHmuVpFTs,,,,,,,1,,,,,,,
13361,13361,0kxebH7U7xg,,,,,,,1,,,,,,,
13413,13413,AbcqHhW5hpk,,,,,,,1,,,,,,,
13415,13415,Jpb0rUMsfDQ,,,,,,,1,,,,,,,
13422,13422,ZBR6IgA9zzM,,,,,,,1,,,,,,,
13428,13428,Lzq-zkGmLOg,,,,,,,1,,,,,,,
13456,13456,ZZhlmDHiQTQ,,,,,,,1,,,,,,,
13460,13460,bkc-m0iZ4Sk,,,,,,,1,,,,,,,
13466,13466,RMVjvm9j-Z0,,,,,,,1,,,,,,,
13467,13467,XnDG84G9wEU,,,,,,,1,,,,,,,
13479,13479,IH5XSVpwZDk,Canon,Canon EOS 70D,400.0,,,10,1,0.0,0.0,,,0.0,,
13481,13481,CD-5TTTAbLU,NORITSU KOKI,QSS-32_33,,,,,1,,,,,,,
13483,13483,hpTJrAKM_3s,,,,,,,1,,,,,,,
13497,13497,wkjeq0kPg0M,,,,,,,1,,,,,,,
13516,13516,ZzNLsAPymuI,,,,,,,1,,,,,,,
13523,13523,F8cqx-8Gj-Q,SONY,ILCE-7M2,800.0,50.0,,1/40,1,1.0,1.0,,,1.0,0.0,1.0
13524,13524,0zPMieZk240,,,,,,,1,,,,,,,
13525,13525,UNksPqDxPFY,Fujifilm,X-T2,200.0,,11.0,350,1,0.0,0.0,1.0,2.0,0.0,,
13537,13537,UKx93uQ4boY,,,,,,,1,,,,,,,
13545,13545,Qy7d_SI_79o,,,,,,,1,,,,,,,
13549,13549,MFlZ6NiJ1u0,Sony,A7RIII,200.0,,7.1,1/1000,1,0.0,0.0,1.0,2.0,2.0,,
13564,13564,LoGIbF_SfXk,,,,,,,1,,,,,,,
13569,13569,0sCeeplP7kA,SONY,SLT-A77V,250.0,,,1/320,1,0.0,0.0,,,2.0,,
13573,13573,n5hXarluTw0,,,,,,,1,,,,,,,
13583,13583,BywYl0Fp3pI,,,,,,,1,,,,,,,
13595,13595,3mMZjU_BAJo,SONY,SLT-A77V,1600.0,,,30,1,1.0,1.0,,,0.0,,
13642,13642,tdUyC8pgjqo,,,,,,,1,,,,,,,
13644,13644,xm6esles7ds,,,,,,,1,,,,,,,
13662,13662,DCSZbabZb3U,,,,,,,1,,,,,,,
13668,13668,Hb6nGDgWztE,,,,,,,1,,,,,,,
13670,13670,AWQkKWta8Mg,,,,,,,1,,,,,,,
13691,13691,3uLnZ8hUBcw,SONY,ILCE-7M2,100.0,,,1/1600,1,0.0,0.0,,,2.0,,
13704,13704,W14OJixQuSY,SONY,SLT-A77V,100.0,,,1/200,1,0.0,0.0,,,1.0,,
13710,13710,IZeAQG55l14,,,,,,,1,,,,,,,
13731,13731,X1124i5xsEM,"FUJI PHOTO FILM CO., LTD.",SLP1000SE,,,,,1,,,,,,,
13753,13753,f9B6uiwrBWo,,,,,,,1,,,,,,,
13758,13758,nfqogBu747w,,,,,,,1,,,,,,,
13760,13760,cHuKZSqvKgo,Canon,Canon EOS 5D Mark IV,1250.0,,,1/200,1,1.0,1.0,,,1.0,,
13792,13792,an-ex_KaPWE,,,,,,,1,,,,,,,
13797,13797,Ui8oRefm5Y8,,,,,,,1,,,,,,,
13820,13820,KypNW49ED7k,,,,,,,1,,,,,,,
13829,13829,70J4nzXT4CQ,,,,,,,1,,,,,,,
13845,13845,FvtzUX__djs,Apple,iPhone,,,,,1,,,,,,,
13846,13846,IXOqNy-Ilv4,SONY,ILCE-7M3,6400.0,,,25,1,1.0,2.0,,,0.0,,
13870,13870,yNGQ830uFB4,,,,,,,1,,,,,,,
13872,13872,a1uhrE1rTjs,,,,,,,1,,,,,,,
13884,13884,RKNE63GLNAo,,,,,,,1,,,,,,,
13885,13885,hrd2VPGFSwU,,,,,,,1,,,,,,,
13886,13886,P9G7dBP-7ZQ,,,,,,,1,,,,,,,
13889,13889,wSb8d-ke5-4,,,,,,,1,,,,,,,
13893,13893,IBEXUZBmlXg,,,,,,,1,,,,,,,
13894,13894,A6S-q3D67Ss,,,,,,,1,,,,,,,
13898,13898,jxG54Kyo7WQ,,,,,,,1,,,,,,,
13899,13899,DlCr9IujpJI,,,,,,,1,,,,,,,
13904,13904,tvicgTdh7Fg,,,,,,,1,,,,,,,
13911,13911,p-bkdO43shE,,,,,,,1,,,,,,,
13922,13922,kmF_Aq8gkp0,,,,,,,1,,,,,,,
13923,13923,6LpHENNvrms,,,,,,,1,,,,,,,
13926,13926,N-1XGL54pQg,SONY,NEX-7,400.0,,,1/100,1,0.0,0.0,,,1.0,,
13927,13927,6T7kfc3VitU,,,,,,,1,,,,,,,
13938,13938,9Ci0VKjx3Hk,NIKON CORPORATION,NIKON D5100,800.0,40.0,8.0,,1,1.0,1.0,1.0,2.0,,0.0,1.0
13939,13939,5qlegaTwZpM,,,,,,,1,,,,,,,
13948,13948,N4_Y4sGMI_8,Apple,iPad Mini 2,,,,,1,,,,,,,
13950,13950,xIdyajpQ6qo,,,,,,,1,,,,,,,
13956,13956,no-EShQ7s1A,Nikon,d3100,,,,,1,,,,,,,
13958,13958,PXGvsl0jQcE,,,,,,,1,,,,,,,
13970,13970,vMt0fajokOg,,,,,,,1,,,,,,,
13975,13975,L-2p8fapOA8,,,,,,,1,,,,,,,
13996,13996,iP2S3hsCqeY,,,,,,,1,,,,,,,
14016,14016,V0Q7NbdXBhw,,,,,,,1,,,,,,,
14022,14022,ps2daRcXYes,,,,,,,1,,,,,,,
14023,14023,Jztmx9yqjBw,SONY,ILCE-7S,25600.0,,,8,1,1.0,2.0,,,0.0,,
14025,14025,3Ku0e3k9qXU,,,,,,,1,,,,,,,
14041,14041,xnyXLEyE8L0,SONY,NEX-5R,400.0,,,1/160,1,0.0,0.0,,,1.0,,
14043,14043,vUNQaTtZeOo,,,,,,,1,,,,,,,
14054,14054,n6WON5FWXfc,,,,,,,1,,,,,,,
14066,14066,-2ii0_ctxpQ,Canon,Canon EOS 6D,100.0,,,1/80,1,0.0,0.0,,,1.0,,
14067,14067,twUvrKBcnFY,,,,,,,1,,,,,,,
14072,14072,J0ZgwnzQy1Y,,,100.0,,14.0,1/15,1,0.0,0.0,1.0,2.0,1.0,,
14086,14086,CPo6qYvNsvM,,,,,,,1,,,,,,,
14090,14090,l7Wb6FXHIOQ,,,,,,,1,,,,,,,
14092,14092,h2ZQT8HTFXc,,,,,,,1,,,,,,,
14096,14096,8BmNurlVR6M,,,,,,,1,,,,,,,
14115,14115,goYWKFMrUBk,SONY,ILCE-7,100.0,,,1/30,1,0.0,0.0,,,1.0,,
14121,14121,HkZVyO9l_Ig,,,,,,,1,,,,,,,
14131,14131,oNflJCdmoA0,,,,,,,1,,,,,,,
14132,14132,NsojRZoIOx0,,,,,,,1,,,,,,,
14145,14145,F3FtTLqzl18,,,,,,,1,,,,,,,
14151,14151,-hI5dX2ObAs,,,,,,,1,,,,,,,
14152,14152,76NywJh3Bck,,,,,,,1,,,,,,,
14157,14157,tqzqzH8hb5A,,,,,,,1,,,,,,,
14170,14170,rTZW4f02zY8,,,,,,,1,,,,,,,
14181,14181,T86bARnzPBQ,,,,,,,1,,,,,,,
14182,14182,oRIFpNILJOU,,,,,,,1,,,,,,,
14183,14183,jDL5WFbQIbA,SONY,ILCE-6000,100.0,,,1/500,1,0.0,0.0,,,2.0,,
14191,14191,2nFk2-fvijw,Canon,,,,,,1,,,,,,,
14203,14203,pKnpMFEf50Y,SONY,ILCE-6300,100.0,,,1/400,1,0.0,0.0,,,2.0,,
14209,14209,GcwemPMayQg,,,,,,,1,,,,,,,
14212,14212,Fjy7lavh46o,,,,,,,1,,,,,,,
14213,14213,c5FohGHma9s,,,,,,,1,,,,,,,
14220,14220,BNHcxk1CDdw,SONY,ILCE-7,400.0,,,1/250,1,0.0,0.0,,,1.0,,
14223,14223,EmACXKd5zcI,SONY,ILCE-6000,100.0,,,15,1,0.0,0.0,,,0.0,,
14226,14226,IcP1BESqSWI,,,,,,,1,,,,,,,
14243,14243,nBI8rOD87Sk,,,,,,,1,,,,,,,
14244,14244,DmOCkOnx-MQ,,,,,,,1,,,,,,,
14246,14246,1ecD6jYbC2o,,,,,,,1,,,,,,,
14248,14248,bHJ0fs-vn1Y,,,,,,,1,,,,,,,
14258,14258,hRCcgolBn88,,,,,,,1,,,,,,,
14259,14259,QELYdk58wOo,FUJIFILM,X-Pro2,400.0,50.0,,1/5400,1,0.0,0.0,,,2.0,0.0,1.0
14262,14262,qaxSjLbZPSA,,,,,,,1,,,,,,,
14270,14270,TFoZ93XScFM,Apple,iPad,,,,,1,,,,,,,
14289,14289,iXtJmvdZfgI,,,,,,,1,,,,,,,
14300,14300,yVK1HaC4L70,,,,,,,1,,,,,,,
14305,14305,F8YsnsT6_Lk,,,,,,,1,,,,,,,
14309,14309,f4N7UPRS3Lk,,,,,,,1,,,,,,,
14320,14320,17gZ2jmFnbA,SONY,ILCE-6300,100.0,,,20,1,0.0,0.0,,,0.0,,
14326,14326,XHZhI_Zy6TM,,,,,,,1,,,,,,,
14350,14350,v7daTKlZzaw,,,,,,,1,,,,,,,
14360,14360,zSJscpJBdPk,,,,,,,1,,,,,,,
14370,14370,76LxMoNfwY8,,,,,,,1,,,,,,,
14382,14382,KZBLsGi6Jdk,Canon,Canon EOS 7D,,,,,1,,,,,,,
14396,14396,7ZtPwmSKj6U,,,,,,,1,,,,,,,
14400,14400,NacnbMsZTdc,Apple,iPhone,,,,,1,,,,,,,
14413,14413,8oMJeVZv6l4,,,,,,,1,,,,,,,
14419,14419,BcMKWC1YmoM,,,,,,,1,,,,,,,
14423,14423,1vbrBzh-zNk,,,,,,,1,,,,,,,
14426,14426,sYtbXL9U7Vs,,,,,,,1,,,,,,,
14469,14469,KsomZsgjLSA,,,,,,,1,,,,,,,
14472,14472,Vvwp935MTD0,,,,,,,1,,,,,,,
14474,14474,3gzQBqrbt-s,FUJIFILM,X-T10,200.0,58.0,,30,1,0.0,0.0,,,0.0,0.0,1.0
14488,14488,NU8T8LHaeiA,,,,,,,1,,,,,,,
14500,14500,2kMgQkzlmHY,,,,,,,1,,,,,,,
14508,14508,JuLejnakAm0,SONY,ILCE-7SM2,3200.0,,,13,1,1.0,2.0,,,0.0,,
14510,14510,EzWXRdFkjx8,,,,,,,1,,,,,,,
14517,14517,LRdui1LP-7A,,,,,,,1,,,,,,,
14527,14527,h0faiuiUFE4,,,,,,,1,,,,,,,
14560,14560,YBVQhHYVCjE,Panasonic,DMC-GH4,800.0,,,1/320,1,1.0,1.0,,,2.0,,
14563,14563,SbzwHkk3wF4,,,,,,,1,,,,,,,
14565,14565,iWh8vVPMkp0,,,,,,,1,,,,,,,
14580,14580,mnS6N54IOfE,,,,,,,1,,,,,,,
14583,14583,Rzj_f91nKXk,,,,,,,1,,,,,,,
14589,14589,F5OImWxy25E,,,,,,,1,,,,,,,
14604,14604,UkiFIZQk-7Q,,,,,,,1,,,,,,,
14609,14609,HA_Do8EMKt0,,,,,,,1,,,,,,,
14642,14642,2iOqib5eLE8,SONY,ILCE-7,1600.0,,,15,1,1.0,1.0,,,0.0,,
14644,14644,7hAiZ_5xuNs,Canon,Canon EOS 5D Mark III,160.0,,,30,1,0.0,0.0,,,0.0,,
14652,14652,SwLPmCYo-QM,,,,,,,1,,,,,,,
14660,14660,607uZYuwvdA,,,,,,,1,,,,,,,
14662,14662,Sg-gQluM6dI,,,,,,,1,,,,,,,
14673,14673,ucnqa52u0fw,,,,,,,1,,,,,,,
14674,14674,8-fJwsuwDgU,,,,,,,1,,,,,,,
14737,14737,bp2Vo2yFRac,NIKON, D3200,,28.0,5.6,,1,,,1.0,1.0,,0.0,0.0
14738,14738,5OG2GfTp33o,,,,,,,1,,,,,,,
14777,14777,GE1Bu9cnHWc,,,,,,,1,,,,,,,
14778,14778,tPhfHSEeGaI,,,,,,,1,,,,,,,
14793,14793,KYJly6oQwkQ,,,,,,,1,,,,,,,
14813,14813,lVrQnkrbtts,,,,,,,1,,,,,,,
14822,14822,EndtRefD85E,,,,,,,1,,,,,,,
14834,14834,2TKWPVCQ-oY,,,,,,,1,,,,,,,
14846,14846,-ZaQMp3-53M,nikon,d610,,50.0,1.4,,1,,,0.0,0.0,,0.0,1.0
14857,14857,XvMiIGJFKwc,,,,,,,1,,,,,,,
14888,14888,iSy3_frM3PI,NIKON CORPORATION,NIKON D500,,50.0,,,1,,,,,,0.0,1.0
14907,14907,q9-uPhoLrr0,,,,,,,1,,,,,,,
14908,14908,ZYZBQ5Ubfuw,,,,,,,1,,,,,,,
14946,14946,N6JjTYisKRA,,,,,,,1,,,,,,,
14971,14971,cCMySCLaY9U,,,,,,,1,,,,,,,
14973,14973,sTzIHQ_MGAM,,,,,,,1,,,,,,,
14984,14984,ylmxQJ6FjKQ,Nikon,D7100,,,,,1,,,,,,,
14996,14996,sDbCdEBm7kQ,Canon,Canon EOS 600D,,,,,1,,,,,,,
15004,15004,vlukOqxOA8o,Hipstamatic,352,,,,,1,,,,,,,
15013,15013,9Ub-rAcplZg,,,,,,,1,,,,,,,
15073,15073,W4lEzi0XM28,Canon,EOS 5D Mark IV,,,,,1,,,,,,,
15079,15079,UGT3Tv1prvU,NIKON CORPORATION,NIKON D100,400.0,0.0,,1/500,1,0.0,0.0,,,2.0,,
15087,15087,iOzvpb5XErM,,,,,,,1,,,,,,,
15097,15097,taJT2K33OW8,,,,,,,1,,,,,,,
15135,15135,eYLrm5mJLrY,,,,,,,1,,,,,,,
15146,15146,LWhVBSBMY5U,Canon,EOS 5D Mark II,,,,,1,,,,,,,
15164,15164,-9SsJ2jHnkg,Sony,,,,,,1,,,,,,,
15214,15214,S9PBEoEbUqQ,,,,,,,1,,,,,,,
15256,15256,6e1bs-HiA2E,Fujifilm ,XT-3,,85.0,1.4,,1,,,0.0,0.0,,0.0,1.0
15273,15273,h7Avg2PXXj0,DJI,FC220,100.0,20.0,2.8,,1,0.0,0.0,0.0,0.0,,0.0,0.0
15293,15293,mbUXFI5ZpLc,,,,,,,1,,,,,,,
15295,15295,KceWAWQYois,SONY,ILCE-6300,2000.0,,,30,1,1.0,2.0,,,0.0,,
15301,15301,EXB-x1Q4NTw,Canon,Canon EOS 5D Mark III,100.0,75.0,,1/200,1,0.0,0.0,,,1.0,0.0,1.0
15322,15322,quS7YOKdiXA,,,,,,,1,,,,,,,
15382,15382,trykoiiI1YI,,,,,,,1,,,,,,,
15386,15386,WHqJxo9WqeA,,,,,,,1,,,,,,,
15436,15436,pm6GX3AF2m4,Olympus,XA,,,,,1,,,,,,,
15445,15445,lKFiWrydyP0,,,,,,,1,,,,,,,
15474,15474,X4WaO4SFQ2Y,GoPro,Hero5 Black,,,,,1,,,,,,,
15494,15494,wQQ9MC83Nog,,,,,,,1,,,,,,,
15506,15506,qGkVJ7Tx36s,,,,,,,1,,,,,,,
15509,15509,RDEaV381Cxg,,,,,,,1,,,,,,,
15524,15524,xgvttvy0mnA,Canon,Canon EOS 5D Mark III,2000.0,,,10,1,1.0,2.0,,,0.0,,
15540,15540,PsFv4Gj0wrQ,,,,,,,1,,,,,,,
15554,15554,WD-v2MnW59U,,,,,,,1,,,,,,,
15584,15584,zjq0I3XupiI,,,,,,,1,,,,,,,
15591,15591,2WZy9Yf3kvs,,,,,,,1,,,,,,,
15609,15609,I7zE1IZZZ_k,Leica Camera AG,LEICA M (Typ 240),1000.0,,4.8,1/4000,1,1.0,1.0,1.0,1.0,2.0,,
15625,15625,dLQcJmMLB0E,,,,,,,1,,,,,,,
15629,15629,nbMCruL_m44,,,,,,,1,,,,,,,
15631,15631,2yKjznyg4Fw,,,,,,,1,,,,,,,
15645,15645,bBL4o4BJxag,,,,,,,1,,,,,,,
15656,15656,tBV0OhigrpA,SONY,ILCE-7SM2,400.0,,,1/1600,1,0.0,0.0,,,2.0,,
15671,15671,DljLHlYkJgo,SONY,ILCE-7M2,100.0,,,1/250,1,0.0,0.0,,,1.0,,
15690,15690,e8IN1BQiqMg,,,,,,,1,,,,,,,
15695,15695,vUePu7hAYAQ,Canon,Canon EOS 5D Mark III,1600.0,,,15,1,1.0,1.0,,,0.0,,
15709,15709,6oAl2TPDEgQ,,,,,,,1,,,,,,,
15728,15728,BHconYTWcNA,,,,,,,1,,,,,,,
15767,15767,IRh4OLpNUFc,,,,,,,1,,,,,,,
15785,15785,QJPUb0KU9sQ,,,,,,,1,,,,,,,
15805,15805,EMFc-h8NSJQ,,,,,,,1,,,,,,,
15842,15842,UNyWxITX_Jg,,,,,,,1,,,,,,,
15854,15854,6etH6346MHE,,,,,,,1,,,,,,,
15866,15866,kSg47GgGJk8,SONY,ILCE-7M3,250.0,,,1/500,1,0.0,0.0,,,2.0,,
15869,15869,KZiafzFhNXQ,,,,,,,1,,,,,,,
15873,15873,LmTKlDEy4wU,SONY,SLT-A77V,160.0,,,1/320,1,0.0,0.0,,,2.0,,
15928,15928,BfLOn4V0JgQ,,,,,,,1,,,,,,,
15934,15934,u-RYD-Ipr9Q,,,,,,,1,,,,,,,
15937,15937,G9Yy-iitjjg,,,,,,,1,,,,,,,
15938,15938,2U3wqdYuU6g,,,,,,,1,,,,,,,
15945,15945,uCUpzsbQB6Q,,,,,,,1,,,,,,,
15963,15963,0XUnd0bXqTE,,,,,,,1,,,,,,,
15971,15971,JkgVHEFSolA,,,,,,,1,,,,,,,
15985,15985,gc3Va3J7KMI,,,,,,,1,,,,,,,
15992,15992,kbjQSAZYrHk,,,,,,,1,,,,,,,
15998,15998,Dj3ZL8go6y0,,,,,,,1,,,,,,,
16011,16011,de_BkXSVlHk,NIKON CORPORATION,NIKON D750,250.0,,,1/3200,1,0.0,0.0,,,2.0,,
16022,16022,d8LfBmm_V6c,,,,,,,1,,,,,,,
16044,16044,eORbhX0F4_4,,,,,,,1,,,,,,,
16046,16046,LEhac0GdyS0,,,,,,,1,,,,,,,
16053,16053,ZFREQaXoscI,,,,,,,1,,,,,,,
16065,16065,V2NujMxpZ3U,Sony,Sony A7r,,,,,1,,,,,,,
16090,16090,ZAul1EmXrdI,,,,,,,1,,,,,,,
16103,16103,AbnkxsF0XrI,EPSON,Perfection V600,,,,,1,,,,,,,
16137,16137,lDiJHItixp8,,,,,,,1,,,,,,,
16147,16147,OpqAtrUNJeI,SONY,ILCE-7M2,400.0,,,1/200,1,0.0,0.0,,,1.0,,
16160,16160,-zIpENvpcVI,,,,,,,1,,,,,,,
16166,16166,hqUXUL6b5bQ,SONY,SLT-A77V,1600.0,,,30,1,1.0,1.0,,,0.0,,
16226,16226,uVSTm1b36pE,,,,,,,1,,,,,,,
16231,16231,vcYNblHBUpk,,,,,,,1,,,,,,,
16255,16255,wNU8mO6o0dA,,,,,,,1,,,,,,,
16257,16257,vJwzv51OUqw,Canon,Canon EOS 80D,100.0,,,1/1000,1,0.0,0.0,,,2.0,,
16259,16259,KPMzsQOw8NA,Canon,Canon EOS 5D Mark III,125.0,,,1/2000,1,0.0,0.0,,,2.0,,
16271,16271,V8T9fs4PC-o,,,,,,,1,,,,,,,
16300,16300,rYShKW8zQpA,,,,,,,1,,,,,,,
16302,16302,joL0nSbZ-lI,,,,,,,1,,,,,,,
16315,16315,IJSE0n7ngY8,,,,,,,1,,,,,,,
16316,16316,vOmA5cfvDBg,ZWO WOGT71,ASI1600MM  Pro,,335.0,4.7,180,1,,,1.0,1.0,0.0,1.0,2.0
16320,16320,LVNAdgLzwtc,,,,,,,1,,,,,,,
16335,16335,e9W084wv0No,,,,,,,1,,,,,,,
16343,16343,iTWW0evCuec,,,,,,,1,,,,,,,
16354,16354,h-f5OGUjE0U,,,,,,,1,,,,,,,
16369,16369,Q4F1jTl7qBk,Canon,Canon EOS 6D,3200.0,,,20,1,1.0,2.0,,,0.0,,
16373,16373,8QmAPjeZEjs,,,,,,,1,,,,,,,
16378,16378,-leS_YgRdxA,Apple,iPhone,,,,,1,,,,,,,
16406,16406,EhyiZ9-Zfo0,"FUJI PHOTO FILM CO., LTD.",SP-3000,,,,,1,,,,,,,
16412,16412,U98LIYBFVJk,,,,,,,1,,,,,,,
16413,16413,BrXiun04yr4,,,,,,,1,,,,,,,
16415,16415,dBO39hZ9avA,,,,,,,1,,,,,,,
16419,16419,Y2PYfopoz-k,Canon,Canon EOS 7D,160.0,50.0,,1/200,1,0.0,0.0,,,1.0,0.0,1.0
16428,16428,2YQoKbyGvDc,,,,,,,1,,,,,,,
16429,16429,LmLj4iign6Q,,,,,,,1,,,,,,,
16434,16434,SuqfBt-EXZQ,,,,,,,1,,,,,,,
16450,16450,U1POHKqXYKs,,,,,,,1,,,,,,,
16458,16458,An8ev1ScpFA,,,,,,,1,,,,,,,
16473,16473,PO1IOH18AVA,,,,,,,1,,,,,,,
16474,16474,tKyt-GZowHQ,SONY,ILCE-7SM2,100.0,,,1/800,1,0.0,0.0,,,2.0,,
16477,16477,f87RdAQSoJk,Apple,iPhone 6,,,,,1,,,,,,,
16479,16479,KpQcBATCV6E,SONY,ILCE-7,100.0,,,1/125,1,0.0,0.0,,,1.0,,
16497,16497,4XFDhzA1118,samsung,GT-I9505,,,,,1,,,,,,,
16509,16509,guDkXldTxy8,,,,,,,1,,,,,,,
16531,16531,S9543y3UEgg,,,,,,,1,,,,,,,
16535,16535,ZT1Lj1i4omU,Apple,iPhone,,,,,1,,,,,,,
16551,16551,J01SwKibtVk,,,,,,,1,,,,,,,
16553,16553,Zt5iNdPbZQ4,,,,,,,1,,,,,,,
16577,16577,_e437sL_W2o,,,,,,,1,,,,,,,
16599,16599,etKWA9yCMqw,nikon,D610,,24.0,,,1,,,,,,0.0,0.0
16641,16641,6SbFGnQTE8s,,,,,,,1,,,,,,,
16645,16645,bhIQEe_26mk,,,,,,,1,,,,,,,
16661,16661,eDZa0JX-c5k,"FUJI PHOTO FILM CO., LTD.",SP-3000,,,,,1,,,,,,,
16663,16663,8Ce-NRKCq4s,FUJIFILM,X-T1,200.0,35.0,,1/16000,1,0.0,0.0,,,2.0,0.0,0.0
16668,16668,TZeUzBK2iVg,SONY,ILCE-6000,640.0,0.0,,1/50,1,1.0,1.0,,,1.0,,
16674,16674,QokVKS7ZYqA,,,,,,,1,,,,,,,
16675,16675,Jc27qdspATo,,,,,,,1,,,,,,,
16688,16688,303X2rAcUW8,,,,,,,1,,,,,,,
16698,16698,wsmD1KvhWiA,,,,,,,1,,,,,,,
16705,16705,_-LP96imp7Y,,,,,,,1,,,,,,,
16725,16725,YV593oyMKmo,Canon ,PowerShot G7X,,,,,1,,,,,,,
16732,16732,gGAtYcU6618,,,,,,,1,,,,,,,
16738,16738,WruQEiQEHxs,,,,,,,1,,,,,,,
16745,16745,CBIbVZe0RuM,,,,,,,1,,,,,,,
16754,16754,i69C7l6-GXA,Sony,A6300,,,,,1,,,,,,,
16766,16766,Xaje8s7H9Cw,Sony,NEX-5N,,,,,1,,,,,,,
16783,16783,LhDWW8PhPoE,,,,,,,1,,,,,,,
16804,16804,5-oJafU0GZM,,A7Sii,,,,,1,,,,,,,
16812,16812,V-rzVi6Y_-E,Nikon,D3400,100.0,50.0,1.8,,1,0.0,0.0,0.0,0.0,,0.0,1.0
16825,16825,9Cdx0HutWsI,,,,,,,1,,,,,,,
16829,16829,YM6wO9chE2A,Canon,Canon EOS 70D,200.0,22.0,14.0,,1,0.0,0.0,1.0,2.0,,0.0,0.0
16841,16841,bS5OwMjMc1I,,,,,,,1,,,,,,,
16848,16848,j2zaqbw72bU,,,,,,,1,,,,,,,
16857,16857,374ymy99Has,Apple,iPhone,,,,,1,,,,,,,
16875,16875,2fpOAxv9SEk,,,,,,,1,,,,,,,
16885,16885,wGpUYzBqW20,,,400.0,,6.3,8,1,0.0,0.0,1.0,2.0,0.0,,
16890,16890,alNwM1UuNoo,,,,,,,1,,,,,,,
16922,16922,G80OQytzT5g,Canon,Canon EOS 5D Mark III,160.0,58.0,,1/160,1,0.0,0.0,,,1.0,0.0,1.0
16927,16927,_WbXGR8IrYQ,,,,,,,1,,,,,,,
16938,16938,Jz2wA20zdlw,Apple,iPhone X,20.0,,1.8,1/208,1,0.0,0.0,0.0,0.0,1.0,,
16962,16962,-zdtwDAm30w,,,,,,,1,,,,,,,
17006,17006,K26p-t8v3AY,Canon,EOS760D,100.0,,,,1,0.0,0.0,,,,,
17043,17043,URWAAwLNFuE,,,,,,,1,,,,,,,
17089,17089,7R_V3L1SyHw,Nikon,D750,,35.0,1.4,,1,,,0.0,0.0,,0.0,0.0
17091,17091,5uJi-6YifuA,SONY,ILCE-6500,1600.0,,,1/80,1,1.0,1.0,,,1.0,,
17100,17100,GGvgfevLhXY,,,,,,,1,,,,,,,
17141,17141,a9hmMvUydSg,Nikon,,,,,,1,,,,,,,
17181,17181,IDUgd8w-ZGI,,,,,,,1,,,,,,,
17196,17196,DHhDK1HwPJ8,,,,,,,1,,,,,,,
17217,17217,Sf23azHZRR4,,,,,,,1,,,,,,,
17222,17222,OCzvgBqCJKY,,,,,,,1,,,,,,,
17223,17223,I9VZWJxksjg,,,,,,,1,,,,,,,
17234,17234,IYfdJNXIaas,,,,,,,1,,,,,,,
17253,17253,qIarqqinggY,,,,,,,1,,,,,,,
17268,17268,DwSj0PcCnYw,,,,,,,1,,,,,,,
17279,17279,EvpFjekyW8k,,,,,,,1,,,,,,,
17293,17293,AlIfYVR4Z90,,,,,,,1,,,,,,,
17308,17308,SK-PF_LBt9A,,,,,,,1,,,,,,,
17313,17313,u814TMuH2bI,Canon,Canon EOS 650D,200.0,,,1/200,1,0.0,0.0,,,1.0,,
17330,17330,Ratqgati0tY,FUJIFILM,,,,,,1,,,,,,,
17334,17334,meHOdcY0Gck,Canon,,400.0,,5.6,1/1600,1,0.0,0.0,1.0,1.0,2.0,,
17368,17368,UspjnNnhbE0,,,,,,,1,,,,,,,
17403,17403,k3sRKjVkpf4,,,,,,,1,,,,,,,
17424,17424,aZox57cA-eI,,,,,,,1,,,,,,,
17429,17429,VaiHJ7xfiNc,,,,,,,1,,,,,,,
17473,17473,jXe1K19KxM0,SONY,ILCE-7M2,400.0,,,1/1600,1,0.0,0.0,,,2.0,,
17475,17475,-yeib6rQpxQ,,,,,,,1,,,,,,,
17490,17490,pRqF0180Wj4,Canon,Canon EOS 70D,100.0,,,1/200,1,0.0,0.0,,,1.0,,
17559,17559,Xc1nDUf_1TA,Fujifilm,X-Pro1,,,,,1,,,,,,,
17610,17610,hN0tU6viXVM,,,,,,,1,,,,,,,
17634,17634,W7L6KCaNfRU,,,,,,,1,,,,,,,
17646,17646,hGCng7YZLLs,,,,,,,1,,,,,,,
17654,17654,SBvwRLGUtRM,,,,,,,1,,,,,,,
17658,17658,CGxdRJknf4I,,,,,,,1,,,,,,,
17673,17673,LcaMfWaN28k,,,,,,,1,,,,,,,
17677,17677,zhAjX0xMiio,,,,,,,1,,,,,,,
17687,17687,G0J6VkiCcEw,NORITSU KOKI,EZ Controller,,,,,1,,,,,,,
17700,17700,Qr1oOpe8bxc,,,,,,,1,,,,,,,
17768,17768,DSqCFuT9fP0,Canon,5D,,50.0,2.0,,1,,,0.0,0.0,,0.0,1.0
17794,17794,CMpCe1fzNuE,Canon,Canon EOS 6D Mark II,,,,,1,,,,,,,
17799,17799,Hu2yPu0vFQ8,,,,,,,1,,,,,,,
17800,17800,meJ9nSDCFY0,,,,,,,1,,,,,,,
17804,17804,7cS17GniSWQ,,,,,,,1,,,,,,,
17805,17805,6PLRhCThClY,,,,,,,1,,,,,,,
17806,17806,JIMpO5hHezA,NIKON CORPORATION,NIKON D750,400.0,,,1/400,1,0.0,0.0,,,2.0,,
17820,17820,MvsjXlQtkCY,,,,,,,1,,,,,,,
17837,17837,nGOF86liuBw,,,,,,,1,,,,,,,
17842,17842,I6SA2qZohcw,NIKON CORPORATION,NIKON D750,250.0,,,1/3200,1,0.0,0.0,,,2.0,,
17871,17871,V5HFJ1hORjM,,,,,,,1,,,,,,,
17880,17880,RMAKCQmu-gI,,,,,,,1,,,,,,,
17882,17882,kz7j3WFhobM,Canon,Canon EOS 70D,100.0,,,1/60,1,0.0,0.0,,,1.0,,
17890,17890,_P8-td1cZIg,,,,,,,1,,,,,,,
17912,17912,MU8Kokh0kmA,SONY,NEX-6,100.0,,,1/50,1,0.0,0.0,,,1.0,,
17918,17918,IHHiw3VMZvc,,,,,,,1,,,,,,,
17941,17941,XCkao3y6Gpc,,,,,,,1,,,,,,,
17976,17976,02YdrfDb3UE,,,,,,,1,,,,,,,
17980,17980,CBa301Yn7F8,,,,,,,1,,,,,,,
17987,17987,M849r1Eu4rg,Leica Camera AG,LEICA M (Typ 240),100.0,,1.2,1/750,1,0.0,0.0,0.0,0.0,2.0,,
17989,17989,pg9pFjbBOm0,SONY,ILCE-7RM3,100.0,,,1/320,1,0.0,0.0,,,2.0,,
18004,18004,eoTdizO-Aac,,,,,,,1,,,,,,,
18016,18016,0KoRn8IQFww,,,,,,,1,,,,,,,
18020,18020,Sb62zazu9Ns,,,,,,,1,,,,,,,
18026,18026,wfQaZHGAVHo,,,,,,,1,,,,,,,
18047,18047,MZxQoMVN518,,,,,,,1,,,,,,,
18052,18052,FZuoIfhquOg,,,,,,,1,,,,,,,
18072,18072,N8dGHMelzr4,,,,,,,1,,,,,,,
18121,18121,-qGHHWtGF4I,Canon,Canon EOS 1100D,800.0,50.0,,1/320,1,1.0,1.0,,,2.0,0.0,1.0
18134,18134,55BTsEcMsBs,,,,,,,1,,,,,,,
18136,18136,sEDzxW4NhL4,,,,,,,1,,,,,,,
18138,18138,qWZnsO0fauw,,,,,,,1,,,,,,,
18174,18174,qyV155CgTfY,,,,,,,1,,,,,,,
18184,18184,dipJ-IsirFI,,,,,,,1,,,,,,,
18190,18190,4nzsa65t3LI,SONY,SLT-A77V,50.0,,,1/200,1,0.0,0.0,,,1.0,,
18196,18196,TUoBcf07vDo,SONY,NEX-6,100.0,,,1/400,1,0.0,0.0,,,2.0,,
18206,18206,DTkBHYevb3w,,,,,,,1,,,,,,,
18217,18217,f2PTkebXiJs,,,,,,,1,,,,,,,
18234,18234,6WZQkGI3V4s,,,,,,,1,,,,,,,
18237,18237,wcL2JgX-s4c,,,,,,,1,,,,,,,
18249,18249,VvYi8TS_C6Y,,,,,,,1,,,,,,,
18259,18259,sT9xFAEHdVg,Apple,iPhone,,,,,1,,,,,,,
18260,18260,5BR6VJWmFEk,Apple,iPhone,,,,,1,,,,,,,
18267,18267,cSe3oKQ03OQ,,,,,,,1,,,,,,,
18272,18272,PHLTuYtgz60,,,,,,,1,,,,,,,
18274,18274,mhQJs9041Ro,,,,,,,1,,,,,,,
18277,18277,ywiAen4L4qA,,,,,,,1,,,,,,,
18280,18280,oECdZLdijBU,,,,,,,1,,,,,,,
18281,18281,SfC7fScwU-A,,,,,,,1,,,,,,,
18282,18282,z_dgFPmIUko,,,,,,,1,,,,,,,
18283,18283,zZzKLzKP24o,,,,,,,1,,,,,,,
18284,18284,Nq8LdWC7HnM,,,,,,,1,,,,,,,
18290,18290,rzOxBlhkziE,,,,,,,1,,,,,,,
18292,18292,K3A2_j-STfk,,,,,,,1,,,,,,,
18302,18302,e85qV3NjrUw,,,,,,,1,,,,,,,
18304,18304,5DLvpkwOpAs,"FUJI PHOTO FILM CO., LTD.",SP-3000,,,,,1,,,,,,,
18307,18307,hjVHK07ZhAs,,,,,,,1,,,,,,,
18308,18308,GdC7MUTHekI,,,,,,,1,,,,,,,
18309,18309,GjNs11Xnmfg,,,,,,,1,,,,,,,
18315,18315,BiyVuXGiF7s,,,,,,,1,,,,,,,
18320,18320,pZgObuh1dRQ,,,,,,,1,,,,,,,
18322,18322,Pk8t4cL2pkw,,,,,,,1,,,,,,,
18338,18338,QlCNwrdd_iA,,,,,,,1,,,,,,,
18349,18349,uRdKCTcP6QU,NIKON CORPORATION,NIKON D5200,100.0,,,1/250,1,0.0,0.0,,,1.0,,
18353,18353,Dc3YQuyr2pU,Panasonic,DMC-G6,160.0,0.0,,1/8,1,0.0,0.0,,,1.0,,
18375,18375,Ffxm66W0haQ,,,,,,,1,,,,,,,
18382,18382,G4su92tyImI,,,,,,,1,,,,,,,
18384,18384,9uUy6Rf7iPw,,,,,,,1,,,,,,,
18385,18385,4-02wP3zAZ8,,,,,,,1,,,,,,,
18391,18391,tHNLOz4eZts,,,,,,,1,,,,,,,
18400,18400,XPt6YCosdWE,,,,,,,1,,,,,,,
18410,18410,FVWHZO4qCZk,,,,,,,1,,,,,,,
18414,18414,K7ngmPmTmvA,NIKON CORPORATION,NIKON D5100,,150.0,5.0,1/250,1,,,1.0,1.0,1.0,1.0,2.0
18419,18419,pCyF1HIMovI,SONY,ILCE-7,100.0,,,1/400,1,0.0,0.0,,,2.0,,
18435,18435,ZcIKjpWWgRw,NIKON CORPORATION,NIKON D300,400.0,,,1/100,1,0.0,0.0,,,1.0,,
18450,18450,ucpymfy_cxM,,,,,,,1,,,,,,,
18454,18454,PDtK325dx3k,,,,,,,1,,,,,,,
18484,18484,0NtTrIodzuw,,,,,,,1,,,,,,,
18502,18502,E-bEFCNPuvw,SONY,ILCE-7,125.0,,,1/400,1,0.0,0.0,,,2.0,,
18504,18504,O73fo4W8h5k,,,,,,,1,,,,,,,
18507,18507,QopVnKPfv3o,,,,,,,1,,,,,,,
18517,18517,RDs0THr4lGs,samsung,SM-G930F,,4.2,1.7,,1,,,0.0,0.0,,0.0,0.0
18528,18528,seuLC5UMSFk,,,,,,,1,,,,,,,
18544,18544,rNazg-0I_k8,,,,,,,1,,,,,,,
18551,18551,t8ql_RX9JLE,,,,,,,1,,,,,,,
18558,18558,CncOSlhYvW0,,,,,,,1,,,,,,,
18581,18581,M6PJeMHl6cI,,,,,,,1,,,,,,,
18590,18590,rl8WD3FItw0,,,,,,,1,,,,,,,
18594,18594,ZEzLJClHRxs,,,,,,,1,,,,,,,
18619,18619,SF4gmhPd84M,,,,,,,1,,,,,,,
18622,18622,gzWHNhhfi3o,SONY,ILCE-6000,160.0,,,1/125,1,0.0,0.0,,,1.0,,
18624,18624,O01zcLhcEHc,,,,,,,1,,,,,,,
18633,18633,-m2T-gYZxg4,SONY,ILCE-7M2,64.0,0.0,,1/320,1,0.0,0.0,,,2.0,,
18678,18678,B8ZbJpe5eCA,,,,,,,1,,,,,,,
18690,18690,J_9etWzDwTA,,,,,,,1,,,,,,,
18691,18691,ykKI3fCpB6k,,,,,,,1,,,,,,,
18699,18699,Knwea-mLGAg,SONY,ILCE-6300,5000.0,,,15,1,1.0,2.0,,,0.0,,
18701,18701,L6fROjb21U0,,,,,,,1,,,,,,,
18706,18706,fdGxX1O3DNY,,,,,,,1,,,,,,,
18724,18724,M4JlGCKQAu4,,,,,,,1,,,,,,,
18745,18745,_82GhBRK1Q4,,,,,,,1,,,,,,,
18792,18792,GtoEb39VNP8,,,,,,,1,,,,,,,
18800,18800,EAH3N7R-Ngs,,,,,,,1,,,,,,,
18809,18809,fvEO6jLGyic,Nikon,D810,2000.0,200.0,4.0,,1,1.0,2.0,1.0,1.0,,1.0,2.0
18823,18823,eIacfa4rDEE,SONY,ILCE-7,100.0,,,1/200,1,0.0,0.0,,,1.0,,
18825,18825,PaD_I9YBLGU,,,,,,,1,,,,,,,
18835,18835,FJ_8VRdPFAQ,,,,,,,1,,,,,,,
18837,18837,1rC6XZ16l-A,,,,,,,1,,,,,,,
18860,18860,p1nUYQmp6-0,SONY,ILCE-7M3,4000.0,,,30,1,1.0,2.0,,,0.0,,
18872,18872,vEdEg7hrwDg,OLYMPUS IMAGING CORP.,E-PL7,1600.0,,,1/800,1,1.0,1.0,,,2.0,,
18874,18874,vIxqtVFOfgw,SONY,SLT-A77V,50.0,,,2.5,1,0.0,0.0,,,0.0,,
18890,18890,yCkFqXOZuLk,,,,,,,1,,,,,,,
18899,18899,knVM_Xm21wc,NORITSU KOKI,EZ Controller,,,,,1,,,,,,,
18913,18913,q5-eKiRZeEA,,,,,,,1,,,,,,,
18930,18930,MMRZkrMzHrg,,,,,,,1,,,,,,,
18951,18951,BLTcKiKXbzU,Canon,Canon EOS 70D,100.0,18.0,11.0,,1,0.0,0.0,1.0,2.0,,0.0,0.0
18980,18980,DNGrAluI_iM,NIKON CORPORATION,NIKON D7200,400.0,140.0,5.6,,1,0.0,0.0,1.0,1.0,,1.0,2.0
18990,18990,MmMjQYv8fz8,Canon,Canon EOS 6D,2000.0,,,30,1,1.0,2.0,,,0.0,,
19001,19001,M7Qzh_PD2mM,Sony,a7RII,,55.0,,,1,,,,,,0.0,1.0
19027,19027,NgeO4H0CUQM,,,,,,,1,,,,,,,
19063,19063,kdLKidl6Lrc,,,,,,,1,,,,,,,
19081,19081,iTtLN5oTbck,DJI,Mavic Pro,,,,,1,,,,,,,
19111,19111,yTfoBjmZsI0,,,,,,,1,,,,,,,
19117,19117,EDre44wQyOw,,,,,,,1,,,,,,,
19161,19161,KTLa_fSO5Z0,Sony,Alpha A7mii,,,,,1,,,,,,,
19207,19207,uXoQWoRgNFs,Sony,A7RII,,55.0,1.8,,1,,,0.0,0.0,,0.0,1.0
19221,19221,JJj5X_7cz08,,,,,,,1,,,,,,,
19225,19225,C0OD8OM-oM0,SONY,ILCE-7S,400.0,,,13,1,0.0,0.0,,,0.0,,
19240,19240,7sMkfz98NdA,SONY,ILCE-6300,200.0,0.0,,1/2500,1,0.0,0.0,,,2.0,,
19247,19247,fQ_PZvkJnhU,Zenith,11,,,,,1,,,,,,,
19290,19290,rbrncWka9y8,Sony,ILCE-7M3,,,,,1,,,,,,,
19294,19294,TXpPVwOpYZw,DJI,Mavic Pro,,,,,1,,,,,,,
19309,19309,-Iqiws8Fqhw,,,,,,,1,,,,,,,
19331,19331,uWNoVArBQVk,,,,,,,1,,,,,,,
19335,19335,ZDGsHSg1ITI,,,,,,,1,,,,,,,
19336,19336,CkwM5Mrnd8U,,,,,,,1,,,,,,,
19390,19390,h_sm9J-EpA4,NORITSU KOKI,QSS-32_33,,,,,1,,,,,,,
19433,19433,jFYLpHPizQM,,EOS 5D Mark III,,,1.4,,1,,,0.0,0.0,,,
19468,19468,6MPpec4Jxd0,NORITSU KOKI,EZ Controller,,,,,1,,,,,,,
19506,19506,-iB7qi5HIaw,,,,,,,1,,,,,,,
19542,19542,swKgX5nCMMg,,,,,,,1,,,,,,,
19554,19554,dJvNfflm7Mw,,,,,,,1,,,,,,,
19590,19590,4dhlFpZ0dDw,,,,,,,1,,,,,,,
19591,19591,HMN2oHFpkLc,,,,,,,1,,,,,,,
19594,19594,maSgd_zq8Eo,,,,,,,1,,,,,,,
19608,19608,FJdvza-I5OA,,,,,,,1,,,,,,,
19621,19621,sMJnzyC4CNA,Canon,Canon EOS 5D Mark III,2500.0,,,30,1,1.0,2.0,,,0.0,,
19626,19626,p6hzGvEXSoQ,,,,,,,1,,,,,,,
19643,19643,cI5qHkT-LmM,Canon,Canon EOS 5D Mark III,640.0,35.0,,1/160,1,1.0,1.0,,,1.0,0.0,0.0
19666,19666,wSkGPwlErxY,,,,,,,1,,,,,,,
19679,19679,9oOngqsMlQc,,,,,,,1,,,,,,,
19700,19700,7g9mt_tsCPM,,,,,,,1,,,,,,,
19705,19705,9Jj5w46tbdE,SONY,ILCE-7M3,400.0,,,1/80,1,0.0,0.0,,,1.0,,
19712,19712,qdqDFEEtzr8,Canon,Canon EOS 5D Mark III,250.0,100.0,,1/160,1,0.0,0.0,,,1.0,1.0,2.0
19715,19715,pulmB_ZkwJ4,,,,,,,1,,,,,,,
19716,19716,kHxFj8DN0go,,,,,,,1,,,,,,,
19726,19726,lLUbQBbf6Bc,,,,,,,1,,,,,,,
19730,19730,Sne2rCdLz3w,,,,,,,1,,,,,,,
19731,19731,BXUu79N-uI0,,,,,,,1,,,,,,,
19739,19739,xOdY5AtTz_Q,"FUJI PHOTO FILM CO., LTD.",SP-3000,,,,,1,,,,,,,
19761,19761,9buyUkHByX8,,,,,,,1,,,,,,,
19779,19779,JhaiLvJnQd0,,,,,,,1,,,,,,,
19784,19784,X_k7370LRiU,,,,,,,1,,,,,,,
19790,19790,gBEAWbo1RU8,,,,,,,1,,,,,,,
19795,19795,b6217h9zVyQ,,,,,,,1,,,,,,,
19809,19809,9wI6CkCtL7c,,,,,,,1,,,,,,,
19811,19811,Xb0KaPYmDr0,SONY,ILCE-7M2,800.0,,,1/200,1,1.0,1.0,,,1.0,,
19815,19815,375cfbenZ5k,,,,,,,1,,,,,,,
19824,19824,bWLQ9oL1T6M,,,,,,,1,,,,,,,
19875,19875,FmrZ9-z4eVQ,,,,,,,1,,,,,,,
19885,19885,YzfCevgzsPI,Canon,Canon EOS R,100.0,85.0,,,1,0.0,0.0,,,,0.0,1.0
19900,19900,TWOVZhCk0tY,NIKON CORPORATION,NIKON D80,160.0,,,1/80,1,0.0,0.0,,,1.0,,
19909,19909,al2q65HLw5E,,,,,,,1,,,,,,,
19946,19946,NinW8p06rtQ,SONY,NEX-6,100.0,,,1/100,1,0.0,0.0,,,1.0,,
19952,19952,sC4USXHzL3M,,,,,,,1,,,,,,,
19958,19958,0B3wG1Q45zY,,,,,,,1,,,,,,,
19968,19968,lzD1i1Rfbtw,,,,,,,1,,,,,,,
19993,19993,ZMFbova77nI,,,,,,,1,,,,,,,
20000,20000,M8ktDf8ZKJA,NORITSU KOKI,EZ Controller,,,,,1,,,,,,,
20009,20009,3l43HYrFDEI,,,,,,,1,,,,,,,
20048,20048,5VJUsVvMExM,,,,,,,1,,,,,,,
20052,20052,sB0IHgOuU2E,,,,,,,1,,,,,,,
20056,20056,rqOIV-eTBR4,,,,,,,1,,,,,,,
20071,20071,RWDUvWHobTw,,,,,,,1,,,,,,,
20130,20130,GNe-0GkGDVk,,,,,,,1,,,,,,,
20148,20148,br5JtMeKh_o,,,,,,,1,,,,,,,
20150,20150,ppejgFCcRdw,,,,,,,1,,,,,,,
20169,20169,s0Q-dxkZhto,,,,,,,1,,,,,,,
20182,20182,ezEKbRPBCR8,SONY,NEX-6,100.0,,,1/400,1,0.0,0.0,,,2.0,,
20185,20185,xYzqDr0DBNw,,,,,,,1,,,,,,,
20217,20217,YAA5oQ6h4iE,,,,,,,1,,,,,,,
20226,20226,mS1Jm9RF5Bw,,,,,,,1,,,,,,,
20243,20243,4iLJ9_CpX8k,,,,,,,1,,,,,,,
20258,20258,_Lz4b6ihgEg,,,,,,,1,,,,,,,
20266,20266,WAAxH5EmS24,Canon,,1250.0,400.0,,1/200,1,1.0,1.0,,,1.0,1.0,2.0
20276,20276,ZAyvqmPDIQE,,,,,,,1,,,,,,,
20279,20279,n45C7xS02Uc,,,,,,,1,,,,,,,
20291,20291,rMk7NQVP4GE,Nikon,F3,400.0,50.0,,,1,0.0,0.0,,,,0.0,1.0
20302,20302,tMkEedbhuDo,Apple,iPad,,,,,1,,,,,,,
20305,20305,AArsLnEeZmQ,,,,,,,1,,,,,,,
20321,20321,-m1duEoiJng,,,,,,,1,,,,,,,
20327,20327,t1mqA3V3-7g,,,,,,,1,,,,,,,
20330,20330,Stzrs8510_M,,,,,,,1,,,,,,,
20336,20336,ln5drpv_ImI,,,,,,,1,,,,,,,
20339,20339,p3kpqGBRPok,NIKON CORPORATION,NIKON D70,,38.0,13.0,1/640,1,,,1.0,2.0,2.0,0.0,1.0
20340,20340,EPy0gBJzzZU,,,,,,,1,,,,,,,
20341,20341,fdxtGbvDpIc,,,,,,,1,,,,,,,
20350,20350,qVj3KuEikvg,,,,50.0,2.5,1/1600,1,,,0.0,0.0,2.0,0.0,1.0
20351,20351,G1ebTFoqLlM,NORITSU KOKI,EZ Controller,,,,,1,,,,,,,
20354,20354,fBwyKbLqXE8,,,,,,,1,,,,,,,
20360,20360,JbeBraLha7U,,,,,,,1,,,,,,,
20361,20361,WePxTF-kKks,Apple,iPhone 5s,,,,,1,,,,,,,
20364,20364,RL0l7Zk5PxU,,,,,,,1,,,,,,,
20368,20368,UCmkmGxuWX4,,,,,,,1,,,,,,,
20369,20369,gDw0-4vbkkY,,,,,,,1,,,,,,,
20370,20370,QEZDhDKetMU,,,,,,,1,,,,,,,
20378,20378,yBqcajVQng4,,,,,,,1,,,,,,,
20380,20380,Of9dTU50RlU,,,,,,,1,,,,,,,
20383,20383,ZgTnXdboOO8,Canon,Canon EOS 600D,100.0,50.0,,1/500,1,0.0,0.0,,,2.0,0.0,1.0
20384,20384,G74n9VZ5ves,,,,,,,1,,,,,,,
20387,20387,Oz6opziCkPo,,,,,,,1,,,,,,,
20401,20401,7kLufxYoqWk,,,,,,,1,,,,,,,
20421,20421,Qmox1MkYDnY,,,,,,,1,,,,,,,
20428,20428,-UrmKM-sTq0,Canon,Canon EOS REBEL T3i,200.0,50.0,,1/320,1,0.0,0.0,,,2.0,0.0,1.0
20435,20435,8PmMiS0lgjY,,,,,,,1,,,,,,,
20436,20436,jx_kpR7cvDc,,,,,,,1,,,,,,,
20447,20447,bgY0Xemuqf8,,,,,,,1,,,,,,,
20449,20449,IMFz9EjA6uM,NIKON CORPORATION,NIKON D700,200.0,,,1/250,1,0.0,0.0,,,1.0,,
20453,20453,TTdgzLZvU-g,NIKON CORPORATION,NIKON D70,,46.0,6.3,1/1000,1,,,1.0,2.0,2.0,0.0,1.0
20464,20464,E7q00J_8N7A,,,,,,,1,,,,,,,
20468,20468,GEhel8749cY,SONY,ILCE-7,50.0,,,1/200,1,0.0,0.0,,,1.0,,
20474,20474,hbwdmqcmP6k,,,,,,,1,,,,,,,
20486,20486,6yHiGAJkufk,,,,,,,1,,,,,,,
20487,20487,7Ig3d416i0c,,,,,,,1,,,,,,,
20493,20493,a3vVnIYZ80M,,,,,,,1,,,,,,,
20497,20497,oVVX7DbE8dw,,,,,,,1,,,,,,,
20500,20500,ea9Zg7HkFXQ,Nokia,Lumia 920,100.0,,2.0,1/2700,1,0.0,0.0,0.0,0.0,2.0,,
20502,20502,Y3gJZuWKyeg,,,,,,,1,,,,,,,
20517,20517,7h06P9UKhYY,,,,,,,1,,,,,,,
20518,20518,f_bZb6scMDk,,,,,,,1,,,,,,,
20527,20527,RvV6qccrbkA,Apple,iPhone,,,,,1,,,,,,,
20532,20532,OOo1c_jJ0Fk,,,,,,,1,,,,,,,
20541,20541,G8qVZEiyCJU,,,,,,,1,,,,,,,
20543,20543,ENkQJj-7orc,,,,,,,1,,,,,,,
20552,20552,hcks1gMxUd4,Canon,Canon EOS 6D,3200.0,,,25,1,1.0,2.0,,,0.0,,
20553,20553,H_4YZp8wqmc,SONY,ILCE-6300,800.0,,,1/1250,1,1.0,1.0,,,2.0,,
20562,20562,UzO4kgBMCv4,Canon,Canon EOS 70D,1000.0,0.0,,1/125,1,1.0,1.0,,,1.0,,
20573,20573,kjERLXaHjXc,,,,,,,1,,,,,,,
20581,20581,bSNJ6R5Qrt4,,,,,,,1,,,,,,,
20591,20591,bQl2kRQyUE8,,,,,,,1,,,,,,,
20598,20598,LJ23kmdFjbw,,,,,,,1,,,,,,,
20603,20603,SqhcwFqVlyI,,,,,,,1,,,,,,,
20608,20608,8i-LoPR-Jmc,,,,,,,1,,,,,,,
20614,20614,o4oA0hA35QA,,,,,,,1,,,,,,,
20617,20617,dwKZyTMTr7o,,,,,,,1,,,,,,,
20627,20627,Nwwp27CunIY,"FUJI PHOTO FILM CO., LTD.",SP-3000,,,,,1,,,,,,,
20629,20629,zciUmoL1GKo,,,,,,,1,,,,,,,
20640,20640,uZxT3njDQYc,,,,,,,1,,,,,,,
20646,20646,CaIuhk9STrU,,,,,,,1,,,,,,,
20665,20665,F_1D4oLxBtM,,,,,,,1,,,,,,,
20672,20672,CqgbxNGsf6Y,Panasonic,DMC-G85,200.0,0.0,,1/1300,1,0.0,0.0,,,2.0,,
20693,20693,rEHuLF3jWjQ,SONY,ILCE-6500,4000.0,,,1/4000,1,1.0,2.0,,,2.0,,
20699,20699,RDuy3-ztfWM,,,,,,,1,,,,,,,
20701,20701,PexhZ5-3Gb0,,,,,,,1,,,,,,,
20719,20719,Ae2WpHjXXcc,,,,,,,1,,,,,,,
20723,20723,euDwebrFAWk,,,,,,,1,,,,,,,
20730,20730,NCb50hjk-pQ,,,,,,,1,,,,,,,
20731,20731,oDLui_B3IPk,,,,,,,1,,,,,,,
20734,20734,pcPu1xUanrM,,,,,,,1,,,,,,,
20741,20741,hFU3FJfVycM,SONY,ILCE-7R,640.0,,,10,1,1.0,1.0,,,0.0,,
20744,20744,yho1aq2aqwc,NORITSU KOKI,QSS-32_33,,,,,1,,,,,,,
20747,20747,XqaGEEXKLok,DJI,FC330,281.0,,2.8,1/25,1,0.0,0.0,0.0,0.0,1.0,,
20762,20762,aDIXIp1UFeU,,,,,,,1,,,,,,,
20786,20786,BeyPCfMj3ts,Canon,Canon EOS 7D Mark II,3200.0,,,1/200,1,1.0,2.0,,,1.0,,
20792,20792,A8iLzX6OddM,,,,,,,1,,,,,,,
20800,20800,Dpo2Z7WgxIk,,,,,,,1,,,,,,,
20804,20804,H3O615WG6wA,,,,,,,1,,,,,,,
20809,20809,MXj8mrLXWKY,,,,,,,1,,,,,,,
20818,20818,47Ro8G_N7Vo,Canon,Canon EOS 5D Mark III,500.0,,,1/100,1,1.0,1.0,,,1.0,,
20823,20823,-TQUERQGUZ8,,,,,,,1,,,,,,,
20827,20827,d1J56ZSXv4w,,,,,,,1,,,,,,,
20850,20850,ellyLSXQ5wg,,,,,,,1,,,,,,,
20858,20858,uwEt4grBcdo,,,,,,,1,,,,,,,
20874,20874,t7LHEPiHpIY,,,,,,,1,,,,,,,
20882,20882,PYiSLzXb9gs,,,,,,,1,,,,,,,
20898,20898,tghRzdAADXE,SONY,ILCE-6500,100.0,0.0,,1.6,1,0.0,0.0,,,0.0,,
20905,20905,aM7AvUbFk0k,,,,,,,1,,,,,,,
20906,20906,7o1lRegtJEs,Canon,Canon EOS 1100D,100.0,50.0,,1/25,1,0.0,0.0,,,1.0,0.0,1.0
20920,20920,fEgwf6BE920,,,,,,,1,,,,,,,
20934,20934,XW5BbnQ1I5w,Canon,Canon EOS 7D,,113.0,5.6,1/160,1,,,1.0,1.0,1.0,1.0,2.0
20986,20986,Qj20ZHLmVis,NIKON CORPORATION,NIKON Z 7,64.0,,,1/2500,1,0.0,0.0,,,2.0,,
21043,21043,UvmlwpcnGhU,Canon,EOS 6D,,,,,1,,,,,,,
21047,21047,MhLjFJi3fRY,,,,,,,1,,,,,,,
21050,21050,bsXHwvrK_4w,,,,,,,1,,,,,,,
21066,21066,RujHm96SGHU,,,,,,,1,,,,,,,
21085,21085,DuObvMLmc8M,Nikon,D7100,,,,,1,,,,,,,
21088,21088,tE7HjfSVn9c,,,,,,,1,,,,,,,
21106,21106,O8Ez4YZ49Mo,NIKON CORPORATION,NIKON D7100,,50.0,2.8,,1,,,0.0,0.0,,0.0,1.0
21133,21133,8YRrnjZq4aY,,,,,,,1,,,,,,,
21148,21148,C7IPacQtf6Q,,,,,,,1,,,,,,,
21162,21162,BU-O0ZfnCgk,,,,,,,1,,,,,,,
21175,21175,ziaC0m4Pk5w,,,,,,,1,,,,,,,
21185,21185,WTrrGUCe4hM,,,,,,,1,,,,,,,
21190,21190,IFP0Yu25w7w,Nikon,D5200,,,,,1,,,,,,,
21196,21196,JrMkTw3lYBk,,,,,,,1,,,,,,,
21213,21213,WqEA-2B64qI,,,,,,,1,,,,,,,
21215,21215,Zl6FatXMxIM,,,,,,,1,,,,,,,
21223,21223,Iqa-NPxzraE,DJI,FC220,,4.7,2.2,1/13,1,,,0.0,0.0,1.0,0.0,0.0
21228,21228,uAvzsX9T6c0,SONY,ILCE-7RM2,200.0,,,1/200,1,0.0,0.0,,,1.0,,
21230,21230,_kP5ik4ydPU,Canon,Canon EOS 700D,200.0,,,1/500,1,0.0,0.0,,,2.0,,
21234,21234,Le1JlDtVi2Q,SONY,SLT-A77V,50.0,,,1/1000,1,0.0,0.0,,,2.0,,
21242,21242,4l5BlL6OX7A,DJI,FC330,100.0,28.0,2.0,,1,0.0,0.0,0.0,0.0,,0.0,0.0
21257,21257,CzcK8pMZ1Kw,SONY,ILCE-6000,500.0,,,1/160,1,1.0,1.0,,,1.0,,
21267,21267,dcEWYwJmnV4,,,,,,,1,,,,,,,
21289,21289,TJho51nvPJU,,,,,,,1,,,,,,,
21291,21291,hnzhgtO7PyQ,Canon,Canon EOS 6D Mark II,50.0,,,1146,1,0.0,0.0,,,0.0,,
21297,21297,WY9C_omjL8w,SONY,ILCE-7M2,250.0,0.0,,1/125,1,0.0,0.0,,,1.0,,
21309,21309,-S7QOoudef0,Nikon,D7500,800.0,952.0,,300,1,1.0,1.0,,,0.0,1.0,2.0
21362,21362,rWq8f9QHDkQ,,,,,,,1,,,,,,,
21367,21367,KX_CP9nVU-s,,,,,,,1,,,,,,,
21410,21410,eDfb2vObvvs,,,,,,,1,,,,,,,
21432,21432,YM-jlUioGRc,ZWO,ASI294MC-Pro,,952.0,7.5,,1,,,1.0,2.0,,1.0,2.0
21438,21438,IQXNLLHj2X4,SONY,SLT-A77V,200.0,,,1/800,1,0.0,0.0,,,2.0,,
21442,21442,eDb3-1pRIGo,,,,,,,1,,,,,,,
21453,21453,VnJPrX8cc8Q,,,,,,,1,,,,,,,
21461,21461,SK3QAiEnVlU,,,,,,,1,,,,,,,
21472,21472,LEZYJUrCRvs,,,,,,,1,,,,,,,
21483,21483,2n8USpVDRq8,Sony,a6500,,,,,1,,,,,,,
21486,21486,POyu0LyKADg,,,,,,,1,,,,,,,
21521,21521,1ki5DgVdT8U,,,,,,,1,,,,,,,
21536,21536,71oSBbhwexs,,,,,,,1,,,,,,,
21539,21539,CQyrS2eMcPs,,,,,,,1,,,,,,,
21566,21566,sbY5miTwrjc,ADI,,100.0,0.0,2.8,1/15,1,0.0,0.0,0.0,0.0,1.0,,
21575,21575,Jvg6U2VW1dQ,,,,,,,1,,,,,,,
21578,21578,HF5_h2VMqoY,,,,,,,1,,,,,,,
21608,21608,Re-_rHb9-f4,,,,,,,1,,,,,,,
21611,21611,FUGORD16rKk,RICOH,SP-3000,,,,,1,,,,,,,
21615,21615,9VHCFWlvVzI,,,,,,,1,,,,,,,
21619,21619,tClS6SPq8Zo,,NIKON D90,200.0,20.0,10.0,,1,0.0,0.0,1.0,2.0,,0.0,0.0
21626,21626,4pbmHLlnEiY,,,,,,,1,,,,,,,
21628,21628,Z2gm_Ml_qzk,,,,,,,1,,,,,,,
21639,21639,_qXiOlykvgg,Canon,Canon EOS 5DS,800.0,,,1/6400,1,1.0,1.0,,,2.0,,
21671,21671,cVSt2AuuXxA,NORITSU KOKI,QSS-29_31,,,,,1,,,,,,,
21672,21672,WpxgQBQ7NK4,,,,,,,1,,,,,,,
21693,21693,jsCCNKMyaac,,,,,,,1,,,,,,,
21714,21714,ooe-48G6NtY,Canon,Canon EOS 6D,6400.0,,,25,1,1.0,2.0,,,0.0,,
21786,21786,p5BGXwmKWe8,,,,,,,1,,,,,,,
21788,21788,8mkzC5-jYbE,SONY,ILCE-7M2,320.0,0.0,,1/15,1,0.0,0.0,,,1.0,,
21802,21802,mIjdey1X2lk,,,,,,,1,,,,,,,
21817,21817,nzZHmfyZLA8,,,,,,,1,,,,,,,
21831,21831,ZqlcCpyg3Wo,"FUJI PHOTO FILM CO., LTD.",SP-2000,,,,,1,,,,,,,
21886,21886,Af7ggNLWIG4,,,,,,,1,,,,,,,
21887,21887,Cy6PwK1mtHM,,,,,,,1,,,,,,,
21890,21890,HFfWQi8rzko,,,,,,,1,,,,,,,
21904,21904,WLhTfuK6Abs,,,,,,,1,,,,,,,
21915,21915,fNCT47HnlNE,Canon,Canon EOS 70D,100.0,,,1/200,1,0.0,0.0,,,1.0,,
21932,21932,SjZ7gSECF9Q,,,,,,,1,,,,,,,
21950,21950,FSrYZ-SG06k,Nikon,D850,,,,,1,,,,,,,
21967,21967,gMG1vTnbs2o,SONY,ILCE-6000,800.0,,,1/250,1,1.0,1.0,,,1.0,,
22003,22003,RdoyDRR17cA,,,,,,,1,,,,,,,
22024,22024,RYRCr7ZP52Q,,,,,,,1,,,,,,,
22048,22048,F8RPuMksssA,SONY,NEX-5,800.0,,1.0,30,1,1.0,1.0,0.0,0.0,0.0,,
22056,22056,Xmo004TUzrI,,,,,,,1,,,,,,,
22068,22068,SNECCeK2BAw,,,,,,,1,,,,,,,
22080,22080,ny8DoR0IezI,SONY,ILCE-7M2,100.0,,,1/1250,1,0.0,0.0,,,2.0,,
22097,22097,sSVSWMa035g,,,,,,,1,,,,,,,
22119,22119,hJ_wuNzpIiI,,,,,,,1,,,,,,,
22131,22131,kYREfnSxq94,,,,,,,1,,,,,,,
22132,22132,7LNhmO01xbg,,,,,,,1,,,,,,,
22148,22148,x3OSAqWYWaU,,,,,,,1,,,,,,,
22159,22159,qPC34BUgMZY,,,,,,,1,,,,,,,
22161,22161,zVLfWhFgMNo,,,,,,,1,,,,,,,
22181,22181,5HNQ65FAUFw,,,,,,,1,,,,,,,
22222,22222,RvG1qbndtFA,,,,,,,1,,,,,,,
22259,22259,g2oPwrxZgTg,,,,,,,1,,,,,,,
22274,22274,k7WetNdaY6A,,,,,,,1,,,,,,,
22290,22290,KkHNZ2JTDgQ,,,,,,,1,,,,,,,
22320,22320,G21-GaAZrrs,,,,,,,1,,,,,,,
22358,22358,ImBZS-6bVCM,,,,,,,1,,,,,,,
22368,22368,HPKNiRxtCmM,,,,,,,1,,,,,,,
22371,22371,7xG3whU-rd4,,,,,,,1,,,,,,,
22454,22454,62_2KGyX13E,,,,,,,1,,,,,,,
22456,22456,HWMKmigec2A,,,,,,,1,,,,,,,
22461,22461,phFJ_-qwXAc,,,,,,,1,,,,,,,
22465,22465,bYdEeB3rzrk,,,,,,,1,,,,,,,
22483,22483,LrnkUWGwB_4,EPSON,Perfection V550,,,,,1,,,,,,,
22497,22497,sBemaTOP8LI,,,,,,,1,,,,,,,
22498,22498,FvrjfNKpITc,,,,,,,1,,,,,,,
22501,22501,OzUJa5Q9m1g,,,,,,,1,,,,,,,
22513,22513,UL2pb_qDB1w,FUJIFILM,X-T20,800.0,35.0,,1/320,1,1.0,1.0,,,2.0,0.0,0.0
22514,22514,Y3IeFncA_wc,,,,,,,1,,,,,,,
22530,22530,fmnQbuFtaE8,,,,,,,1,,,,,,,
22540,22540,hpyywppDJug,,,,,,,1,,,,,,,
22543,22543,jyJ9q2Jf3qQ,,,,,,,1,,,,,,,
22550,22550,m7GtKIyji8g,SONY,ILCE-7,50.0,,,30,1,0.0,0.0,,,0.0,,
22559,22559,xZVPlHGrztE,,,,,,,1,,,,,,,
22563,22563,Y1ByvAGQ5iE,,,,,,,1,,,,,,,
22570,22570,rHv6C-WTOls,,,,,,,1,,,,,,,
22572,22572,6iat9p85VnQ,,,,,,,1,,,,,,,
22574,22574,NYxxuBSQzp4,,,,,,,1,,,,,,,
22583,22583,msS5CR97Tk0,,,,,,,1,,,,,,,
22584,22584,W9W4yJeMtVo,,,,,,,1,,,,,,,
22590,22590,k-Fqo6-TEsY,,,,,,,1,,,,,,,
22593,22593,pUJPtMsg-ew,,,,,,,1,,,,,,,
22595,22595,8wTPqxlnKM4,,,,,,,1,,,,,,,
22599,22599,O_uHS1bru2k,,,,,,,1,,,,,,,
22602,22602,rzfwmlmx470,,,,,,,1,,,,,,,
22610,22610,rsJtMXn3p_c,,,,,,,1,,,,,,,
22611,22611,KGy1GFeKBu4,,,,,,,1,,,,,,,
22613,22613,n1h2kVc549c,,,,,,,1,,,,,,,
22614,22614,zflmSpgZ5Cg,NIKON CORPORATION,NIKON D3300,100.0,0.0,,1/1000,1,0.0,0.0,,,2.0,,
22616,22616,1Cg7BQXp024,,,,,,,1,,,,,,,
22620,22620,2UbJtgQp8VQ,,,,,,,1,,,,,,,
22624,22624,hBYzBU1xP6s,,,,,,,1,,,,,,,
22625,22625,vJr3t39a0xw,,,,,,,1,,,,,,,
22629,22629,jJzmexjwfGE,,,,,,,1,,,,,,,
22630,22630,O-jFzxLRHik,"FUJI PHOTO FILM CO., LTD.",SP-3000,,,,,1,,,,,,,
22633,22633,cJdDtt96et8,,,,,,,1,,,,,,,
22640,22640,4BTMEJBb7-0,,,,,,,1,,,,,,,
22644,22644,YWFiUKpVUVg,,,,,,,1,,,,,,,
22646,22646,cNLAzrBElU0,,,,,,,1,,,,,,,
22651,22651,RpDA3uYkJWM,SONY,ILCE-6000,500.0,,,30,1,1.0,1.0,,,0.0,,
22658,22658,g0RPlxVxiNQ,,,,,,,1,,,,,,,
22661,22661,5-WsIPUwhlI,,,,,,,1,,,,,,,
22666,22666,b63L3HfxsTU,,,,,,,1,,,,,,,
22669,22669,9N0FSjsUE0s,,,,,,,1,,,,,,,
22687,22687,8FSz5GimETg,Canon,Canon EOS REBEL T3i,400.0,50.0,,1/1250,1,0.0,0.0,,,2.0,0.0,1.0
22689,22689,8I8GZG5bNx4,SONY,ILCE-7,100.0,,,1/160,1,0.0,0.0,,,1.0,,
22696,22696,TkunxoS98q0,,,,,,,1,,,,,,,
22703,22703,XtXdHH-Ib7c,,,,,,,1,,,,,,,
22722,22722,Bn-ovYPa4AY,,,,,,,1,,,,,,,
22728,22728,SiCHD6EN3aU,,,,,,,1,,,,,,,
22732,22732,mACqpqOCyLY,,,,,,,1,,,,,,,
22735,22735,F1oeYBKJsdw,SONY,ILCE-7SM2,100.0,,,1/1250,1,0.0,0.0,,,2.0,,
22737,22737,Dpt0dkTrZrs,,,,,,,1,,,,,,,
22739,22739,PjQDxAixxc0,SONY,ILCE-7,100.0,,,8,1,0.0,0.0,,,0.0,,
22748,22748,OxE7y50wZJE,,,,,,,1,,,,,,,
22755,22755,fDSqEWLRNFE,,,,,,,1,,,,,,,
22756,22756,HiD_WjwwSTg,,,,,,,1,,,,,,,
22764,22764,XhUmcEQfpYs,,,,,,,1,,,,,,,
22782,22782,FL_pywMch1k,,,,,,,1,,,,,,,
22787,22787,kpfHIAHW3w0,,,,,,,1,,,,,,,
22798,22798,t_OUw49w3tM,,,,,,,1,,,,,,,
22799,22799,_la-c2zrDlg,,,,,,,1,,,,,,,
22802,22802,EhvMzMRO4_o,,,,,,,1,,,,,,,
22806,22806,QFkiMoKzovY,,,,,,,1,,,,,,,
22809,22809,FNGC_jWiqkY,,,,,,,1,,,,,,,
22823,22823,YV2Nchv9pd4,Canon,Canon EOS 5D,100.0,0.0,,1/640,1,0.0,0.0,,,2.0,,
22833,22833,IlHWweSu864,Canon,Canon EOS 5D,200.0,0.0,,1/100,1,0.0,0.0,,,1.0,,
22835,22835,s2YlQXGk640,,,,,,,1,,,,,,,
22852,22852,PZdTJhCPQVc,SONY,ILCE-6000,100.0,,,1/400,1,0.0,0.0,,,2.0,,
22878,22878,qVjIBN1P-co,SONY,ILCE-6300,800.0,,,1/800,1,1.0,1.0,,,2.0,,
22879,22879,FUR242Eu_z4,SONY,ILCE-6300,800.0,,,1/1250,1,1.0,1.0,,,2.0,,
22900,22900,uOi3lg8fGl4,,,,,,,1,,,,,,,
22905,22905,ESus7wfHOas,,,,,,,1,,,,,,,
22906,22906,0A_b9G-Rm6w,,,,,,,1,,,,,,,
22907,22907,fh4rdH2E6jM,,,,,,,1,,,,,,,
22908,22908,m6wyUq-9EqY,,,,,,,1,,,,,,,
22936,22936,YFFGkE3y4F8,,,,,,,1,,,,,,,
22938,22938,8EPa1q92B5Q,,,,,,,1,,,,,,,
22946,22946,zufAJSV_8zA,,,,,,,1,,,,,,,
22950,22950,Fnb73SxGQCk,Apple,iPhone,,,,,1,,,,,,,
22959,22959,37QaVibL7wA,,,,,,,1,,,,,,,
22996,22996,wdL8UywQtWU,,,,,,,1,,,,,,,
23004,23004,iGANt1N2ge8,,,,,,,1,,,,,,,
23015,23015,PXAP4PGBj6E,"FUJI PHOTO FILM CO., LTD.",SP-3000,,,,,1,,,,,,,
23016,23016,3xUnaShh5SQ,,,,,,,1,,,,,,,
23022,23022,g4L4OL_KkeE,,,,,,,1,,,,,,,
23026,23026,AgKIg-V7sLs,,,,,,,1,,,,,,,
23038,23038,5KmkrOjOBrE,,,,,,,1,,,,,,,
23041,23041,pYc_Fg7aZwE,,,,,,,1,,,,,,,
23042,23042,xCfHL21VpDk,SONY,ILCE-6300,500.0,,,20,1,1.0,1.0,,,0.0,,
23043,23043,mawU2PoJWfU,,,,,,,1,,,,,,,
23047,23047,_gBOIIwd_a0,,,,,,,1,,,,,,,
23069,23069,EmHOdj1NSgw,,,,,,,1,,,,,,,
23071,23071,pV4QnzUOIgs,,,,,,,1,,,,,,,
23072,23072,Fff5ve-rGVA,NIKON CORPORATION,NIKON D3400,200.0,50.0,,1/80,1,0.0,0.0,,,1.0,0.0,1.0
23083,23083,CkPejhmaZ94,,,,,,,1,,,,,,,
23104,23104,KY9gFrTLHjk,Canon,Canon EOS 6D,,,,,1,,,,,,,
23109,23109,xr43RescWSA,,,,,,,1,,,,,,,
23116,23116,fYtSWs7LQuQ,,,,,,,1,,,,,,,
23117,23117,S2_e-byc-mM,,,,,,,1,,,,,,,
23118,23118,Qm_a41SczcQ,Canon,Canon EOS 70D,100.0,,,1/50,1,0.0,0.0,,,1.0,,
23121,23121,2QXy7KDODyg,,,,,,,1,,,,,,,
23126,23126,E12vXZq9AZA,,,,,,,1,,,,,,,
23155,23155,AGTu2BaSwhw,,,,,,,1,,,,,,,
23158,23158,CuvvprvYTGA,,,,,,,1,,,,,,,
23163,23163,82zt95UmYuA,,,,,,,1,,,,,,,
23199,23199,yACCk5tINMw,,,,,,,1,,,,,,,
23204,23204,mYBybDaWUzM,,,,,,,1,,,,,,,
23206,23206,Yy-cReln6I4,Sony,A7RII,,,,,1,,,,,,,
23256,23256,oS2I_xgu9JE,,,,,,,1,,,,,,,
23272,23272,s7NHPrQxbG0,,,,,,,1,,,,,,,
23300,23300,X8E6NBxFhpA,,,,,,,1,,,,,,,
23328,23328,fWedXQEG9_c,,,,,,,1,,,,,,,
23370,23370,WPRPQUsaeHo,Canon,Canon EOS 70D,,50.0,5.0,,1,,,1.0,1.0,,0.0,1.0
23395,23395,x-sFPZd0yaw,NORITSU KOKI,QSS-32_33,,,,,1,,,,,,,
23404,23404,aBwEqD_Cqvc,,,,,,,1,,,,,,,
23416,23416,7J7eDGdCXKo,,,,,,,1,,,,,,,
23432,23432,6u4QaOADBKk,,,,,,,1,,,,,,,
23435,23435,qj8ujkhbLfc,,,,,,,1,,,,,,,
23437,23437,QxAqqVT25mA,SONY,ILCE-7,100.0,,,1/640,1,0.0,0.0,,,2.0,,
23439,23439,-lHgJ42iLQY,,,,,,,1,,,,,,,
23444,23444,FZvBaYC-Fnk,,,,,,,1,,,,,,,
23452,23452,fqGoZHT5gTU,Canon,EOS 5D Mark IV,,,,,1,,,,,,,
23462,23462,9d-mbof2E_c,,,,,,,1,,,,,,,
23464,23464,SoMvGaef6Gw,,,,,,,1,,,,,,,
23465,23465,nBDb1m-_nJA,,,,,,,1,,,,,,,
23484,23484,0_nCV2EuX8s,,,,,,,1,,,,,,,
23488,23488,dES3dtwSExQ,,,,,,,1,,,,,,,
23489,23489,CzW1DYgZR7Q,,,,,,,1,,,,,,,
23502,23502,tdwwX1pl4yc,,,,,,,1,,,,,,,
23511,23511,Y1H182HRPEw,,,,,,,1,,,,,,,
23523,23523,MNspPBIcWbo,DJI,Mavic Pro,,,,,1,,,,,,,
23533,23533,uZsLsJLKSe0,,,,,,,1,,,,,,,
23543,23543,HcF1QrtNGz0,Pentax,SL,,50.0,1.8,,1,,,0.0,0.0,,0.0,1.0
23555,23555,JC41nl2gcbY,FujiFilm,x-t20,,,,,1,,,,,,,
23561,23561,BEwrVP6o0yQ,Canon,Canon EOS 6D,160.0,,,1/125,1,0.0,0.0,,,1.0,,
23582,23582,DN-dHSY7zMg,,,,,,,1,,,,,,,
23589,23589,5rcnGIYU-00,Nikon,D3300,,,,,1,,,,,,,
23599,23599,kfYpgkSDjYc,Apple,iPhone,,,,,1,,,,,,,
23618,23618,rXzgYAGinvo,Canon,Canon EOS 70D,100.0,0.0,,1/60,1,0.0,0.0,,,1.0,,
23632,23632,9twXXB0kI3I,,,,,,,1,,,,,,,
23641,23641,kbz6BxX874M,,,,,,,1,,,,,,,
23676,23676,u4yvPVf1d2U,Sony,a7RII,,21.0,,,1,,,,,,0.0,0.0
23692,23692,mm8hZlEcQxw,,,,,,,1,,,,,,,
23708,23708,Qh2q5pKsFWw,,,,,,,1,,,,,,,
23754,23754,RcMLPd5z1vY,,,,,,,1,,,,,,,
23778,23778,YqGUCVBWrow,SONY,ILCE-7RM2,250.0,,,1/400,1,0.0,0.0,,,2.0,,
23820,23820,V59AnCzoSSQ,,,,,,,1,,,,,,,
23823,23823,9ZO4Rt39xxk,SONY,ILCE-7M2,500.0,,,1/125,1,1.0,1.0,,,1.0,,
23830,23830,BZUxWzV7Dwg,,,,,,,1,,,,,,,
23839,23839,376N0UZpURk,,,,,,,1,,,,,,,
23846,23846,7L9a1fmsEpU,,,,,,,1,,,,,,,
23853,23853,pIbD4_UgFj4,,,,,,,1,,,,,,,
23863,23863,y42dLzgrC7A,,,,,,,1,,,,,,,
23880,23880,O1EoYArYfqA,Canon,Canon EOS R,3200.0,,,1/125,1,1.0,2.0,,,1.0,,
23883,23883,TJqZt4c0zv0,,,,,,,1,,,,,,,
23920,23920,QKfeWS2Q27w,,,,,,,1,,,,,,,
23922,23922,NLxufMnGJc8,,,,,,,1,,,,,,,
23947,23947,10OY7Od4YeQ,,,,,,,1,,,,,,,
23949,23949,I-_ImCs-etg,,,,,,,1,,,,,,,
23953,23953,8L1IyGzPX24,,,,,,,1,,,,,,,
23976,23976,12G9IX6QMm8,Nikon,NIKON D90,400.0,75.0,11.0,,1,0.0,0.0,1.0,2.0,,0.0,1.0
23986,23986,PYqKR3ula2M,,,,,,,1,,,,,,,
24001,24001,5fGdx3Kro2s,,,,,,,1,,,,,,,
24010,24010,r7aGQ0kifA0,,,,,,,1,,,,,,,
24018,24018,-JPCZcxeqzM,,,,,,,1,,,,,,,
24023,24023,hPX9A8es5IY,,,,,,,1,,,,,,,
24062,24062,Y7GUOQ83OMg,,,,,,,1,,,,,,,
24066,24066,QheWOfwEUio,,,,,,,1,,,,,,,
24087,24087,Om82WVFDHLA,,,,,,,1,,,,,,,
24122,24122,UgWcvfl4q5I,,,,,,,1,,,,,,,
24142,24142,CpxG-UHDn8o,,,,,,,1,,,,,,,
24150,24150,O8kyWikNYwY,,,,,,,1,,,,,,,
24183,24183,OpbWlFUBfkI,SONY,ILCE-6300,3200.0,,,1/1600,1,1.0,2.0,,,2.0,,
24195,24195,_PZRfifYqDI,Canon,EOS 300D,800.0,600.0,7.5,,1,1.0,1.0,1.0,2.0,,1.0,2.0
24202,24202,nxW6RKmYhg0,Canon,EOS 300D,400.0,,,,1,0.0,0.0,,,,,
24214,24214,9Yzy1ZVS7xc,,,,,,,1,,,,,,,
24222,24222,mq2h1HKzlSY,,,,,,,1,,,,,,,
24224,24224,wn8dVo7hzLQ,,,,,,,1,,,,,,,
24226,24226,6L_Jg8RMjmo,,,,,,,1,,,,,,,
24241,24241,D0AyhLJ0PXU,,,,,,,1,,,,,,,
24287,24287,B0RIaPzZffs,,,,,,,1,,,,,,,
24325,24325,5U8OFM9nhnU,,,,,,,1,,,,,,,
24352,24352,QSX8BipPYe8,SONY,ILCE-6000,1000.0,,,1/400,1,1.0,1.0,,,2.0,,
24364,24364,lDqz-rgqvjY,,,,,,,1,,,,,,,
24380,24380,Wzc2edx7ozI,NIKON CORPORATION,NIKON D610,100.0,0.0,,1/1250,1,0.0,0.0,,,2.0,,
24412,24412,yxrXBQVwx48,,,,,,,1,,,,,,,
24414,24414,p-EM8Nbz3fg,,,,,,,1,,,,,,,
24463,24463,mOO7rgck9tw,,,,,,,1,,,,,,,
24495,24495,RlltkIz0nXA,,,,,,,1,,,,,,,
24501,24501,VOHt4OUorNY,SONY,ILCE-7M3,1600.0,,,5,1,1.0,1.0,,,0.0,,
24533,24533,pLkZ396GXs4,,,,,,,1,,,,,,,
24580,24580,-2pFSIxX9ow,,,,,,,1,,,,,,,
24639,24639,8Bt868w98HE,,,,,,,1,,,,,,,
24641,24641,fRB4Y8YJmDs,,,,,,,1,,,,,,,
24679,24679,ELwt-faS9fI,,,,,,,1,,,,,,,
24683,24683,ocQSj25qFJk,,,,,,,1,,,,,,,
24686,24686,IJjQgjH6Cz0,,,,,,,1,,,,,,,
24719,24719,P3qllUbhOII,,,,,,,1,,,,,,,
24747,24747,3TKMIxWJQhg,,,,,,,1,,,,,,,
24752,24752,RiD-wabAD3E,,,,,,,1,,,,,,,
24785,24785,br5mEm6Iplw,,,,,,,1,,,,,,,
24800,24800,xM-uFSc5wsY,,,,,,,1,,,,,,,
24803,24803,DTmQAJ050TE,,,,,,,1,,,,,,,
24897,24897,sHiimARWbOQ,Panasonic,DMC-GH4,500.0,,,1/800,1,1.0,1.0,,,2.0,,
24905,24905,D1xH0o4alIw,,,,,,,1,,,,,,,
24928,24928,zRe_7Yu5JP4,,,,,,,1,,,,,,,
24929,24929,KsiIRyxwO5A,,,,,,,1,,,,,,,
24932,24932,46vEe-mN0hI,,,,,,,1,,,,,,,
24944,24944,QGGflC3gIzU,,,,,,,1,,,,,,,
24949,24949,Z1CQJnO6vO0,ZWO w/ WOGT71 20 frames each SHO,ASI1600 MM Pro,,335.0,4.7,180,1,,,1.0,1.0,0.0,1.0,2.0
24959,24959,IBpGptHrtfU,SONY,ILCE-6000,1600.0,,,0.8,1,1.0,1.0,,,0.0,,
24962,24962,p9GWoY3UB4g,,,,,,,1,,,,,,,
24977,24977,lLExhYl-cXQ,ZWO,ASI294MC-Pro,,752.0,7.5,,1,,,1.0,2.0,,1.0,2.0
24981,24981,8cZr8HUet7U,,,,,,,1,,,,,,,
24987,24987,Tmc6zldj7tI,,,,,,,1,,,,,,,
24989,24989,aRGeZa4BeZQ,,,,,,,1,,,,,,,
24994,24994,gKrKmsnRUp0,,,,,,,1,,,,,,,
24995,24995,mle1P_kq9mw,,,,,,,1,,,,,,,
24999,24999,0qmIJOcCtbs,SONY,NEX-6,100.0,,,1/125,1,0.0,0.0,,,1.0,,
25003,25003,BMO1D0CmiJo,,,,,,,1,,,,,,,
25005,25005,DICEPtYOr1M,LEICA CAMERA AG,LEICA X1,100.0,,3.2,1/100,1,0.0,0.0,0.0,1.0,1.0,,
25058,25058,pcXb7MobWvk,,,,,,,1,,,,,,,
25079,25079,Oz7_usBqwuY,,,,,,,1,,,,,,,
25099,25099,PA0KerQ0lHg,,,,,,,1,,,,,,,
25102,25102,4muj7Br-O4U,,,,,,,1,,,,,,,
25129,25129,VHEd35_KDLE,,,,,,,1,,,,,,,
25131,25131,3vAXhTcL_mk,,,,,,,1,,,,,,,
25134,25134,ci-Lit-OEnY,,,,,,,1,,,,,,,
25149,25149,LpIy3YxbDA4,,,,,,,1,,,,,,,
25176,25176,HuhBWIfw4Kg,SONY,ILCE-7,4000.0,,,20,1,1.0,2.0,,,0.0,,
25182,25182,ndyfVMhl8qI,SONY,ILCE-7RM2,1250.0,,,1/125,1,1.0,1.0,,,1.0,,
25215,25215,NaaiDPPlXwk,Nikon,D40,,200.0,2.8,,1,,,0.0,0.0,,1.0,2.0
25228,25228,5CsJnGSR4s4,,,,,,,1,,,,,,,
25234,25234,AQuqcxxtWrI,,,,,,,1,,,,,,,
25235,25235,ggEsHZIGzA4,,,,,,,1,,,,,,,
25252,25252,wEL2zPX3jDg,,,,,,,1,,,,,,,
25257,25257,WMOwLypr_2I,,,,,,,1,,,,,,,
25277,25277,7lUDryZFbbE,,,,,,,1,,,,,,,
25279,25279,k_NkqIaRhro,,,,,,,1,,,,,,,
25287,25287,inHGrOADoVc,,,,,,,1,,,,,,,
25288,25288,UvgzVZimyWU,NORITSU KOKI,QSS-32_33,,,,,1,,,,,,,
25289,25289,pYyOZ8q7AII,,,,,,,1,,,,,,,
25291,25291,ZHW1qo-VRXM,,,,,,,1,,,,,,,
25311,25311,70mSnRb0KZU,,,,,,,1,,,,,,,
25313,25313,qQWcD3bPFYs,NORITSU KOKI,QSS-32_33,,,,,1,,,,,,,
